Cliente NF,CGC/CNPJ NF,Sum of Valor Total,Sum of Receita Líquida,Count of Processo,%GT Sum of Valor Total
3J MINERACAO LTDA,24475927000227,23662.2,18214.57,1,"0,00%"
3L DESENVOLVIMENTO DE PROJETOS AMBIENTAIS LTDA,15210878000129,723301.77,630140.5,2,"0,03%"
A FERREIRA,18131803000140,229892.94,182720.14,1,"0,01%"
A.C.P. INDUSTRIA DE MOVEIS LTDA,30746945000118,3278346.01,2657140.95,12,"0,14%"
A.R.L.P STONE LTDA,12671444000138,160390.99,139732.63,1,"0,01%"
ACADEMIA BODY HEALTH EIRELI - ME,19939988000187,344524.64,297225.46,2,"0,01%"
ACL CARGO TRANSPORTES LTDA,06695952000153,116250,91058.48999999999,1,"0,01%"
"ACQUA VERDE MARMORES, GRANITOS E TRANSPORTES LTDA",10786623000195,128770.7,112185.03,1,"0,01%"
ADAO NUNES SILVA,22739716000148,296544.97,240794.57999999996,1,"0,01%"
ADEGA DO VALE COMERCIO DE BEBIDAS LTDA,30510837000141,14378.4,11387.689999999999,1,"0,00%"
ADEGA PRIVADA COMERCIO DE VINHOS LTDA,32321299000172,91009.38,79426.39,1,"0,00%"
AF TRANSPORTES LTDA,38226456000147,1800,1800,1,"0,00%"
AG BRAZIL COMERCIO INTERNACIONAL LTDA,17032337000183,74826.47,65612.99,1,"0,00%"
"AGAPE DISTRIBUICAO, IMPORTACAO E EXPORTACAO DE MARMORES E GRANITOS LTD",05428023000115,45955306.96,40034626.00999998,141,"1,98%"
AION COMERCIO E DISTRIBUICAO LTDA,41936807000118,382055.06,291539.52,1,"0,02%"
ALBAMEZ INDUSTRIA DE PRODUTOS DE LIMPEZA LTDA,22440862000178,1075227.16,866525.25,5,"0,05%"
ALESSANDRO GRANITOS LTDA,43860237000155,60603.2,52797.5,1,"0,00%"
ALIANCA GRANITOS LTDA.,06247929000104,192876.23,161070.58000000002,2,"0,01%"
ALL STONE SERVICOS LTDA,13725014000114,533897.16,465131.2100000001,4,"0,02%"
ALLONDA AMBIENTAL ENGENHARIA LTDA,33189131000207,5463671.77,4320506.21,1,"0,24%"
ALLONDA AMBIENTAL LTDA,04060779000272,43066127.37,37426761.47,86,"1,85%"
ALLONDA AMBIENTAL S.A.,04060779000787,46292.23,40702.73,1,"0,00%"
ALLPRIME PUMPS EQUIPAMENTOS MECANICOS LTDA.,36983944000173,18160.8,15245.439999999999,1,"0,00%"
ALMEIDA & GONTIJO TRANSPORTES LTDA,07914939000100,345481.93,289597.69,1,"0,01%"
AMAGRAN - IMPORTACAO E EXPORTACAO LTDA,03799534000207,343267.33,299054.51,1,"0,01%"
AMANTES DO VINHO COMERCIO DE BEBIDAS EIRELI,26143208000153,1858003.93,1472489.5599999998,13,"0,08%"
AMERICANAS S.A.,00776574202450,15349569.89,13413426.799999999,45,"0,66%"
AMEX GRANITOS EIRELI EPP,23707707000138,320986.33,280433.37,4,"0,01%"
AMEX GRANITOS LTDA,23707707000138,249466.48,218066.03999999998,3,"0,01%"
AMT TRADING LTDA,04330073000100,50884308.75,43861003.89999996,198,"2,19%"
ANBORDU COMERCIAL IMPORTADORA E EXPORTADORA LTDA,20948646000102,1874658.74,1510614.4200000002,13,"0,08%"
ANBORDU COMERCIAL IMPORTADORA E EXPORTADORA LTDA ME,20948646000102,353353.93,278631.32000000007,6,"0,02%"
ANDERSON DA SILVA - SOFTWARE E CONSULTORIA,07942200000102,25065.61,18988.83,1,"0,00%"
APPETITO ALIMENTOS E BEBIDAS LTDA,85254613000108,84577.3,69186.6,1,"0,00%"
AQUARELA SILK & SIGN COMERCIO E IMPORTACAO LTDA,04150050000106,1578561.65,1232225.29,6,"0,07%"
ARCOS BRASIL LTDA,01883849000113,555671.27,485081.42,16,"0,02%"
AREA COMERCIO E INDUSTRIA DE PEDRAS LTDA,23241475000175,152661.6,132998.8,1,"0,01%"
ARMAZÉM DA SERRA COMÉRCIO E INDÚSTRIA DE ALIMENTOS LTDA,36809746000198,23677.5,22730.4,1,"0,00%"
ARMAZEM OFFSHORE COMERCIAL E IMPORTADORA LTDA,31383201000220,5106873.91,4250008.899999999,47,"0,22%"
ART REAL MARMORES E GRANITOS LTDA - EPP,00416579000178,67927.01,59385.909999999996,1,"0,00%"
ASAFE PRESENTES LTDA,36971602000133,465846.63,391978.98,5,"0,02%"
ATLAS MARMORES LTDA,30748972000120,880458.81,759952.5400000002,13,"0,04%"
AURORA HOME RESORT SPE LTDA,34786021000104,233499.49,196542.84,1,"0,01%"
AUSTER ATACADISTA IMPORTADORA E EXPORTADORA DE PRODUTOS LTDA,15721546000109,29054847.74,24675025.850000005,47,"1,25%"
AUSTROS REPRESENTACOES & SERVICOS LTDA,24663281000120,106823.74,88656.71999999999,2,"0,00%"
AUTOVIVA CAMINHOES E ONIBUS LTDA,23595615000103,68019.99,48783.73,1,"0,00%"
AVANTI COMERCIAL EXPORTADORA S.A.,23920889000120,8258648.74,6733595.489999999,6,"0,36%"
AVELAN MOVEIS LTDA,05317783000155,4614470.63,3764651.0400000005,15,"0,20%"
AVEX GRANITOS E MARMORES LTDA - EPP,08018388000160,331490.21,289525.33999999997,4,"0,01%"
AZI COSMÉTICOS LTDA ME,14874792000138,12752.5,12752.5,1,"0,00%"
"BAO DER MARBLE CO., LTD",,179.6,179.6,1,"0,00%"
BAR E RESTAURANTE CABANA DA PRAIA LTDA,27826577000103,17392.28,14227.38,1,"0,00%"
BARTO EQUIPAMENTOS PARA EMPRESAS LTDA,13640411000193,294924.35,255065.28999999998,6,"0,01%"
BEGE RIO MARMORES E GRANITOS LTDA EPP,03839428000110,179597.94,156465.72000000003,3,"0,01%"
BELCAR CAMINHOES DISTRIBUIDORA DE PECAS LTDA,43678869000100,186350.24,157238.09,1,"0,01%"
BEST TRADE IMPORTACAO E EXPORTACAO LTDA,07338024000102,1367356.1,1191240.74,16,"0,06%"
"BESTEMSERVICE CO., LTD",,1796,1796,1,"0,00%"
BIONATURE RECICLE-INDUSTRIA BRASILEIRA DE RECICLAGEM DE PNEUMATICOS LT,33586917000179,1004034.65,847181.5900000001,3,"0,04%"
BIRA AUTO PECAS,33653989000191,3017701.7,2546268,6,"0,13%"
BOER DO BRASIL LTDA,42186118000104,1302542.43,1112353.49,3,"0,06%"
BOTANICO MARMORARIA LTDA,48469628000167,329746.14,287274.77,1,"0,01%"
BRAMAGRAN BRASILEIRO MARMORE E GRANITO LTDA,35989540000124,15197691.7,12762091.259999996,24,"0,65%"
BRASIGRAN BRASILEIRA DE GRANITOS LTDA,32476525000194,298141.78,216596.68,3,"0,01%"
BRASIL COMERCIO DISTRIBUICAO E LOGISTICA EIRELI,11446223000101,23266788.99,18610964.129999995,78,"1,00%"
BRASILIA EMPREENDIMENTOS SERVICOS E PARTICIPACOES LTDA,00687681000108,27725.98,21418.970000000005,3,"0,00%"
BRASILMAG BRASIL MARMORES E GRANITOS LTDA,02478009000138,248374.01,216717.3,2,"0,01%"
BRASILSEG ATACADISTA DE EQUIPAMENTOS DE PROTEÇÃO INDIVIDUAL LTDA,21752699000116,91396.28,74764.73,1,"0,00%"
BRASLAB PRODUTOS OTICOS EIRELI,11511163000155,61882806.03,57216169,109,"2,66%"
"BRETON DO BRASIL COMERCIO, IMPORTACAO E EXPORTACAO LTDA",21768813000104,7992565.43,6570391.1000000015,56,"0,34%"
BRUMAGRAN PEDRAS ORNAMENTAIS LTDA,05841621000111,1661702.6,1442872.1800000002,10,"0,07%"
BSPIN IMPORTACAO E EXPORTACAO LTDA,17726267000163,126157.8,102638.44,4,"0,01%"
C. R. L. PESSINI - PONTOSUL EPP,09688089000103,123459.57,108148.86000000002,2,"0,01%"
C.R.C DISTRIBUIDORA DE BEBIDAS E ALIMENTOS LTDA,37267980000101,2480284.87,2015559.8300000008,75,"0,11%"
CAJUGRAM GRANITOS E MARMORES DO BRASIL LTDA,32440901000190,22615223.34,19680483.68,74,"0,97%"
CAJUGRAM IMPORTADORA E DISTRIBUIDORA LTDA,19210831000116,155396855.24,135063838.40000004,403,"6,69%"
CALEGARIO COMERCIO DE MARMORES E GRANITOS LTDA,20649528000101,706691.61,617407.3600000001,6,"0,03%"
CALIMAN PEDRAS DO BRASIL LTDA,07893139000150,269194.57,234663.39,2,"0,01%"
CAMDIAM TOOLS INC,,269.4,269.4,1,"0,00%"
CARLOS AUGUSTO KOPPE FERNANDES & CIA LTDA,30213789000120,2378826.22,2283673.19,11,"0,10%"
CAS ALIMENTOS E BEBIDAS EIRELI,32511384000101,333688.54,291219.1,2,"0,01%"
CASA DO MARMORE LTDA,23048620000104,1098151.25,947600.15,11,"0,05%"
CASTAS COMERCIO E IMPORTACAO DE BEBIDAS LTDA,38247587000100,4917801.51,4020969.3999999994,33,"0,21%"
CASTELAO COMERCIO DE PECAS E SERVICOS EIRELI EPP,13074407000105,269376.57,216805.89,2,"0,01%"
CASTELAO COMERCIO DE PECAS LTDA,13074407000105,1774922.49,1407599.1600000001,12,"0,08%"
CATTEGRAN GRANITOS DO BRASIL EIRELI ME,06203008000131,118424.31,102753.44,2,"0,01%"
CBC IMPORTAÇÃO E COMERCIO DE VINHOS LTDA,46291468000183,507767.1,415367.77999999997,2,"0,02%"
CCM ENGENHARIA LTDA,11537327000113,427968.35,303313.75,1,"0,02%"
CD IMPORTADORA LTDA,41876601000140,707815.33,571796.62,5,"0,03%"
CENTRO OESTE COMERCIO DE MAQUINAS DE MOVIMENTACAO LTDA,13361421000190,4032094,3299408.9599999995,13,"0,17%"
CENTROGRAN GRANITOS CENTRO OESTE LTDA,14088987000152,3252732.85,2825674.34,26,"0,14%"
CEREAIS BRAMIL LTDA,32296378002700,91829.83,88156.66,1,"0,00%"
CESFAR LOGISTICA E TRANSPORTES LTDA,32862924000193,32000,26964.309999999998,1,"0,00%"
CHD IMPORTACAO E DISTRIBUICAO DE INFORMATICA EIRELI,13332179000207,20769319.35,17361113.56000001,55,"0,89%"
CHEZ FRANCE EXPORTACAO E IMPORTACAO S/A,12744600000143,13692037.57,11038446.389999999,21,"0,59%"
CIMOL - COMERCIO E INDUSTRIA DE MOVEIS LTDA,36398527000163,239895.86,208997.27,1,"0,01%"
CLASSIC SOLUCOES AMBIENTAIS LTDA,10483319000179,345530.93,291551.13,1,"0,01%"
COIFFEUR SERVICE S.A.S - DI MARRAS MARIO MARCELOO DAVIDE & C.,,1217762.91,1217762.9100000001,9,"0,05%"
COLATINA MARMORES E GRANITOS LTDA,41953789000182,99204.14,86426.65,1,"0,00%"
COLINAS TRANSPORTES LTDA,09063139000159,1265046.46,1015272.24,2,"0,05%"
COMARY INDÚSTRIA DE BEBIDAS LTDA,29588019000182,10627884.39,8998239.82,15,"0,46%"
COMERCIAL DISKPAN LTDA,02691482000107,434892.28,378878.14,2,"0,02%"
COMERCIAL HARMONIA DISTRIBUIDORA DE ALIMENTOS E BEBIDAS LTDA,50393640000187,361073.47,343949.88999999996,7,"0,02%"
COMERCIAL L&A LTDA,10733946000110,6581774.41,5543509.470000001,20,"0,28%"
COMERCIAL L&AH LTDA,20445071000296,4016908.94,3504574.9499999993,13,"0,17%"
COMERCIAL MARINNER LTDA,12362998000153,1246663.65,954925.69,12,"0,05%"
COMERCIAL RIO SUL LTDA,11816292000151,631400.43,532761.32,2,"0,03%"
COMES DO BRASIL COMERCIO DE MAQUINAS E EQUIPAMENTOS LTDA,15570429000191,2063251.28,1798311.8,5,"0,09%"
COMPREX COMPRESSORES E SERVIÇOS LTDA,30778013000157,407494.02,299041.43,2,"0,02%"
CONTAUTO CONTINENTE AUTOMOVEIS LTDA,27024819000145,90000,87840,1,"0,00%"
CONTINENTAL LOG LTDA,07391200000242,1717825.22,1717825.2200000002,4,"0,07%"
COPPERFRUTI COMERCIO DE HORTIFRUTIGRANJEIROS LTDA,42897597000169,305250.85,293040.82,2,"0,01%"
CORCOVADO GRANITOS LTDA,05195728000130,359807.87,269311.08,1,"0,02%"
COSTA GRANITOS LTDA,03881492000160,1362878.22,1178318.2799999998,10,"0,06%"
CRC DISTRIBUIDORA DE BEBIDAS E ALIMENTOS SA,37267980000284,6599020.63,5391550.260000001,49,"0,28%"
CRGR BAR E RESTAURANTE LTDA,25328179000131,8696.14,7113.679999999999,1,"0,00%"
CRS INDUSTRIA E COMERCIO DE MARMORES E GRANITOS LTDA,28917096000176,175482.45,152880.3,1,"0,01%"
CRYSTAL LAB INDUSTRIA E COMERCIO DE LENTES OTICAS LTDA,33281022000126,3695328.25,3219370.0300000003,21,"0,16%"
CS3 COMPANY IMP. EXP. LTDA,28663018000192,188722033.73,163951210.71999985,394,"8,12%"
CS3 MARMORES E GRANITOS LTDA,07599291000125,274434934.66,238309524.82999933,388,"11,81%"
CSO COMERCIO E SERVICOS DE OPTICOS EIRELI,07891035000107,32230.13,30131.2,1,"0,00%"
CSV LTDA,01595865000100,441937.1,385834.91,4,"0,02%"
"D.M.G. ABRASIVOS, MARMORES E GRANITOS LTDA",39349477000112,1748587.65,1469897.76,15,"0,08%"
DALEGRIA INDUSTRIA DE COSMETICOS LTDA,28121053000180,379616.74,292674.43,1,"0,02%"
DECOLORES MARMORES E GRANITOS DO BRASIL LTDA,04023387000152,6771041.43,5712745.559999999,30,"0,29%"
DECORAL STONES INDUSTRIAL DE GRANITOS LTDA - EPP,07330395000130,131536.24,114929.4,2,"0,01%"
DELLMAR TRANSPORTES LTDA,13254104000174,6110397.47,4840788.350000001,11,"0,26%"
DELTA DO BRASIL IMPORTACAO E EXPORTACAO EIRELI ME,10593297000108,514743.97,450008.12999999995,4,"0,02%"
DEPOSITO UNIÃO MARMORES E GRANITOS LTDA - ME,28478692000105,74567.92,65242.35,1,"0,00%"
DETRONIC DESMONTES E TERRAPLANAGEM SA,01450423000338,356851.83,297961.91,2,"0,02%"
"DISMAPRI COMERCIO, IMPORTACAO E EXPORTACAO LTDA",15242228000165,138921.92,121028.78000000001,1,"0,01%"
DISTRIBUIDORA F AZUL ALIMENTOS E BEBIDAS EIRELI,35074776000211,2721270.1,2612419.2900000005,10,"0,12%"
DN METALURGICA LTDA,23212627000101,381595.43,310455.08999999997,1,"0,02%"
DO PORTO FRIGORIFICO LTDA,33323324000110,112087.16,97650.33,1,"0,00%"
DOG VINTE E SETE COMERCIAL LTDA,25096492000191,278769.81,245740.29,3,"0,01%"
DOG VINTE SETE COMERCIAL LTDA,25096492000191,837396.66,715750.19,4,"0,04%"
DRC DO BRASIL COMERCIO DE RESINA LTDA,34429679000150,7593378.29,6254301.15,17,"0,33%"
DRC DO BRASIL COMERCIO DE RESINAS E ELASTOMEROS LTDA,10243414000103,800937.31,658283.98,5,"0,03%"
DUBAI IMPORTADORA E DISTRIBUIDORA LTDA,11427503000407,1322472.77,1144894.59,6,"0,06%"
DUETTO SERVICOS DE MARMORES & GRANITOS LTDA,35254019000149,119039.37,103707.07999999999,1,"0,01%"
E. P. DE OLIVEIRA - VEDACAO E FIXACAO EIRELI EPP,10669035000171,949588.51,760975.82,3,"0,04%"
EDGRAN MARMORES E GRANITOS LTDA,46020195000132,161918.25,141063.16999999998,1,"0,01%"
EDUARDO FARIAS TORRES,13190814000188,692308.84,603139.45,4,"0,03%"
EDUARDO SALEME BRETAS FONSECA ME,39334081000100,897753.35,720093.8200000001,3,"0,04%"
ELAINE CRISTINA CANDIDO DO NASCIMENTO LTDA,31801810000170,157840.52,129962.06,1,"0,01%"
ELETRICA ENERGY LTDA,12678903000105,67513.85,52171.01000000001,1,"0,00%"
EMBALEV IND DE EMBALAGENS LTDA,36016420000103,97138.39,84542.92,2,"0,00%"
EMPORIO DO MARMORE IMPORTACAO E EXPORTACAO LTDA,03377237000184,5099395.63,4422935.279999999,15,"0,22%"
EMPORIO LUSITANO COMERCIO DE VINHOS LTDA,10580046000180,31021.52,24951.369999999995,4,"0,00%"
ENERPOWER FERRAMENTAS INDUSTRIAIS LTDA EPP,30082365000173,2010351.23,1719587.25,16,"0,09%"
ENGEFER DISTRIBUIDORA EIRELI EPP,00940525000107,2072226.58,1641631.6300000001,53,"0,09%"
ESPAÇO DOC COMERCIO DE VINHOS LTDA,22978577000105,669484.2,522032.74,2,"0,03%"
ESSENCIAL IMPORTACAO E EXPORTACAO LTDA EPP,07401261000162,830089.06,723173.5900000001,8,"0,04%"
EUROPA DISTRIBUIDORA DE ALIMENTOS E BEBIDAS EIRELI EPP,11380410000121,53194.75,42130.270000000004,1,"0,00%"
EXATA COMERCIO E DISTRIBUICAO DE MATERIAIS EM GERAL EIRELI,12310970000172,10822178.98,8800697,109,"0,47%"
F C M COMERCIO IMPORTACAO E EXPORTACAO LTDA ME,13093670000141,884992.25,692618.11,13,"0,04%"
F. LLI MAZZUCCHELLI MARMI SRL,,216075.59,216075.59,1,"0,01%"
F3 DIAMOND PRODUCTS INC,,179.6,179.6,1,"0,00%"
"FAST WIRE IMPORTACAO, EXPORTACAO E COMERCIO EIRELI",34268095000140,720591.07,627778.9199999999,6,"0,03%"
FCM COMERCIO IMPORTACAO E EXPORTACAO LTDA ME,13093670000141,331397.54,253530.74,5,"0,01%"
FE&TI COMERCIO DE BEBIDAS EIRELI,05080443000153,3597973.69,2860996.0700000008,26,"0,15%"
FERGRAN COMERCIO DE MARMORES E GRANITOS LTDA,22862192000188,157222.94,136972.64,1,"0,01%"
FERREIRA LACERDA PARTICIPACOES EIRELI,31290246000179,239105.84,210084.44,1,"0,01%"
FERROLOG TRANSPORTES LTDA,31283000000170,3334.8,3334.8,1,"0,00%"
FLAVIA CAPOBIANCO GAROFALO,03466085000196,168334.31,142071.41999999998,4,"0,01%"
FLEXO COMERCIAL LTDA,07409500000120,472158.47,400876.19999999995,7,"0,02%"
FLORIPA MARMORES E GRANITOS EIRELI,10257398000108,122247.33,102618.37,1,"0,01%"
FLYSTONE - MARMORES E GRANITOS LTDA,34163970000120,316630.45,275848.44,2,"0,01%"
"FM CASUAL COSMETICOS COMERCIO, DISTRIBUICAO, IMPORTACAO E EXPORTACAO L",07859924000197,1956546.17,1373427.5799999998,12,"0,08%"
FM MINERACAO EIRELI,03491379000178,94759.97,82343.84,2,"0,00%"
FMG SERVICOS DE BAUS SIDERS E CARROCERIAS LTDA,24015207000106,291592.08,246038.76,1,"0,01%"
FORMASET INDUSTRIAL LTDA,35957760000176,60473.06,39717.75,1,"0,00%"
FOSFOQUIM BRASIL ALUGUEL DE EQUIPAMENTOS DE FUMIGACAO LTDA.,31456731000170,1523699.86,1216826.71,1,"0,07%"
FRUTARIA MAXIMO VINHEDO LTDA,72733439000134,97671.52,77693.91,21,"0,00%"
Fullmarmo Comercio de Pedras Ltda,11391598000103,79835.28,70145.67000000001,2,"0,00%"
"FUZHOU SKYSTONE DIAMOND TOOL CO., LTD",,286677.62,286677.62,4,"0,01%"
"FUZHOU SKYSTONE DIAMOND TOOL CO., LTD.",,4484.95,4484.95,2,"0,00%"
G E F TRANSPORTES LTDA,24819395000117,28320,20480.82,1,"0,00%"
G.L. COMERCIO DE PRODUTOS OPTICOS EIRELI EPP,15233793000166,103115.12,87980.98999999999,2,"0,00%"
G.R.D. GRANITOS RIO DOCE LTDA,07588241000142,112300.05,97835.81,1,"0,00%"
GAP STONE MARMORES E GRANITOS LTDA,08432327000144,61568.98,53638.9,1,"0,00%"
GD TRANSPORTES LOCACOES E SERVIÇOS LTDA,36045637000141,319975.86,268217.42,1,"0,01%"
GEOFIN AMERICA S/A,04409002000190,347079.44,277234.12,1,"0,01%"
GF PNEUS COMERCIAL E DISTRIBUIDORA LTDA,93894954000508,1419.69,1419.69,1,"0,00%"
GH MATERIAL ELETRICO SOCIEDADE UNIPESSOAL LTDA,33863446000107,322532.27,256027.44000000003,1,"0,01%"
GIORGIO MURILLO RIOS,05308544735,3472.67,2490.6,1,"0,00%"
GO SERV TRANSPORTE EIRELI,13248429000225,110080.2,84480.23999999999,1,"0,00%"
GO SERV TRANSPORTES LTDA,13248429000144,82560.14,59706.899999999994,1,"0,00%"
GOMES E ANDRADE TRANSPORTES LTDA,02698171000161,703325.99,589557.85,2,"0,03%"
GORZA MUSICAL AUDIO PROF E ELET LTDA EPP,06242364000164,125934.55,95095.14,2,"0,01%"
GP GRANITOS PIGATI LTDA EPP,08004349000103,837251.37,729857.3200000001,8,"0,04%"
GRAMARCAL - GRANITOS MARMORES E CALCAREOS LTDA,32488264000122,7355358.23,6009426.209999999,4,"0,32%"
GRAMARCAL GRANITOS E MARMORES CACHOEIRO LTDA,79084489000187,19925809.32,17218298.509999994,68,"0,86%"
GRAMARCAL GRANITOS MARMORES E CALCAREOS LTDA,32488264000122,3008592.65,2469776.93,4,"0,13%"
GRAMARCAL-GRANITOS MARMORES E CALCAREOS LTDA,32488264000122,678275.85,590959.14,3,"0,03%"
GRAMAZINI GRANITOS E MARMORES THOMAZINI LTDA,32485369000128,38978.8,31867.78,2,"0,00%"
GRANDE RIO ALIMENTOS LTDA,30224372000162,80730.14,70332.1,1,"0,00%"
GRANFACCIN GRANITOS LTDA,06974997000167,74428.72,64842.3,1,"0,00%"
GRANFACCIN IMPORT AND EXPORT STONES LTDA,38261686000147,73443.34,63983.84,1,"0,00%"
GRANICAP GRANITOS CAPIXABA LTDA,27462217000170,358701.85,254728.09,1,"0,02%"
GRANILUXI IND. E COMERCIO DE MARMORES E GRANITOS LTDA.,04734436000165,179605.41,145391.32,1,"0,01%"
GRANILUXI INDUSTRIA E COMÉRCIO DE MÁRMORES E GRANITOS EIRELLI EPP,04734436000165,112527.44,98127.29000000001,1,"0,00%"
GRANILUXI INDUSTRIA E COMÉRCIO DE MÁRMORES E GRANITOS LTDA,04734436000165,1370279.43,1190000.65,9,"0,06%"
GRANITO ZUCCHI LTDA,39622121000100,1710693.38,1403282.34,8,"0,07%"
GRANITOS COLODETTI LTDA,03562171000100,920935.24,792398.3200000001,7,"0,04%"
GRANITOS E MARMORES MACHADO LTDA EPP,32476996000607,19510.25,17006.32,1,"0,00%"
GRANITOS GRAMARCAL LTDA,06193356000175,246209.68,194998.07,1,"0,01%"
GRANITOS ROMA LTDA EPP,19762718000143,149824.1,130526.76000000001,1,"0,01%"
GRANITOS S A,23445513000101,1727698.65,1505171.08,5,"0,07%"
GRANITOS SANTOS DUMONT LTDA EPP,13310764000125,331224.93,288563.16,1,"0,01%"
GRANITOS VARGEM ALTA LTDA - ME,16948464000164,182303.97,159646.06,3,"0,01%"
GRANLUB GRANITOS LTDA EPP,08955512000113,237229.69,206674.49000000002,3,"0,01%"
GRANPEDRAS GRANITOS E MARMORES LTDA,07041747000137,1034700.12,902888.4699999999,7,"0,04%"
GRANSAL GRANITOS ARACRUZ LTDA,35967207000114,193101.19,168229.75,2,"0,01%"
GRUPO ASA COMERCIO VAREJISTA LTDA,19457448000167,222189.97,213302.36999999997,2,"0,01%"
GSL TRANSPORTES LTDA,21433323000149,19639.99,16114.57,2,"0,00%"
GUILHERME AUGUSTO RAMOS,30760914000111,57608.27,45103.89,2,"0,00%"
GUINDASTES CENTRO OESTE LTDA,23770944000143,19469.31,15296.36,1,"0,00%"
GYN COMERCIAL E ATACADISTA LTDA,14286856000180,224910,189773.94,1,"0,01%"
H T O COMERCIO DE OCULOS E LENTES LTDA,17482117000151,1678936.13,1464039.8399999999,7,"0,07%"
H. C. COURA LTDA,18856927000193,143699.18,124939.60999999999,1,"0,01%"
H.P SANTOS BEBIDAS EIRELI,32165410000189,240328.92,190340.5,1,"0,01%"
HAZTEC TECNOLOGIA E PLANEJAMENTO AMBIENTAL SA,03279285001020,1.21,1.21,1,"0,00%"
HC REPRESENTACOES E COMERCIO EXTERIOR LTDA ME,14690436000164,1579045.36,1339965.7299999997,11,"0,07%"
HEMOCAT COMERCIO E IMPORTACAO LTDA,02993016000178,2920714.53,2179569.79,13,"0,13%"
HOERNING SRL,,242127.73,242127.73,1,"0,01%"
HOLD COMERCIO E TRANSPORTADORA LTDA,27830383000262,59308.12,56935.8,1,"0,00%"
"HO-LIEN STONE CO., LTD",,179.6,179.6,1,"0,00%"
HOLISTIX BRASIL ECOMMERCE LTDA,34789285000103,675951.01,600501.44,5,"0,03%"
HONG KONG ALLIANCE GLOBAL TRADING COMPANY LIMITED,,206466.68,206466.68,1,"0,01%"
HORN TECHNOLOGIES SPA,,30385.53,30385.53,1,"0,00%"
"HORNG-SHENG MARBLE ENTERPRISES CO., LTD",,179.6,179.6,1,"0,00%"
HORTIGIL HORTIFRUTI S.A.,31487473010747,22502525.13,18825467.34000001,103,"0,97%"
HORTIGIL HORTIFRUTI S/A,31487473004852,5756328.97,4716779.18,29,"0,25%"
HOSPITAL DO RIM DE JANAUBA LTDA,07075483000132,30480.92,24866.719999999998,1,"0,00%"
HP AUTOMACAO LTDA,10739769000180,42978.12,35484.560000000005,1,"0,00%"
HSV LABORATORIO DE DIAGNOSTICO E ASSISTENCIA VETERINARIO LTDA,30794595000165,296716.94,236692.7,3,"0,01%"
HSV LABORATORIO DE DIAGNOTICO E ASSISTENCIA VETERINARIA LTDA,30794595000165,46281.56,36740.27,1,"0,00%"
HYSENT INTERNATIONAL (CHINA) LIMITED,,4264.14,4264.139999999999,2,"0,00%"
IB NDT SERVICOS DE INSPECAO E COMERCIO S/A,17855027000169,2063112.39,1719126.94,10,"0,09%"
IGRAEX GRANITOS LTDA,10368549000197,2320108.35,2019077.1600000001,17,"0,10%"
IKM SUBSEA BRASIL LTDA,41553257000158,958106.44,782209.6699999999,12,"0,04%"
IKM TESTING BRASIL LTDA.,11491125000188,8508724.15,7088208.000000001,57,"0,37%"
"IMCORMAQ IMPORTACAO, COM. DE MAQUINAS PARA COSTURA LTDA EPP",32396517000138,203599.4,162005.64,2,"0,01%"
IMETAME LOGISTICA LTDA,11415956000170,526389.71,380788.83999999997,2,"0,02%"
IMETAME METALMECANICA LTDA,31790710000196,19459.68,18463.17,2,"0,00%"
"INDICOM IMPORTACAO, DISTRIBUICAO E COMERCIO EIRELI",31406030000126,287974.85,251744.21000000002,6,"0,01%"
"INDICOM IMPORTACAO, DISTRIBUICAO E COMERCIO LTDA",31406030000126,1101266.59,960867.5700000001,8,"0,05%"
INDUSTRIA DE MARMORES ITALVA LIMITADA,28932846000340,1119820.96,901796.42,2,"0,05%"
INDUSTRIA DE MARMORES ITALVA LTDA,28932846000936,2297710.45,1942057.7,1,"0,10%"
INDUSTRIA DE MOVEIS PEROBA LTDA,06368547000120,242660.74,198503.31999999998,1,"0,01%"
INDUSTRIA DE MOVEIS RIODOCE LTDA,06241494000182,488959.36,399982.53,2,"0,02%"
INDUSTRIA E COMERCIO DE LATICINIOS NOVA LACTOS LTDA,36938603000186,1056965.5,1014686.87,9,"0,05%"
INDUSTRIAS METALURGICAS PESCARMONA S.A.I.C.Y F.# IMPSA,,229939.97,229939.97,1,"0,01%"
INNOVADEVELOP ASSESSORIA CONSULTORIA E DESENVOLVIMENTO DE NEGOCIOS LTD,19638755000144,27456.96,24353.989999999998,2,"0,00%"
INOVE GRANITOS LTDA,16922772000110,1102602.16,953503.27,11,"0,05%"
INTEC COMERCIO E MANUTENCAO DE PECAS PARA MAQUINAS EM GERAL LTDA,22540068000104,114468.09,84426.34,2,"0,00%"
IRMÃOS PACIFICO COMERCIO ATACADISTA DE AR CONDICIONADO LTDA,10834454000111,569081,460869.38,4,"0,02%"
IRON IMPORTS LTDA,43464332000130,638888.96,556600.0700000001,1,"0,03%"
ITAETE MOVIMENTACAO - LOGISTICA LTDA EM RECUPERACAO JUDICIAL,05685282000989,79600.02,61088.450000000004,1,"0,00%"
ITAMARATI AUTOMOTIVA LTDA,22336512000166,330384.15,256663.76,1,"0,01%"
"ITRAC - COMERCIO, IMPORTACAO, EXPORTACAO E DISTRIBUICAO LTDA",12429225000147,12127783.43,10348637.020000001,37,"0,52%"
J&F MARMORES GRANITOS E IMPORTADOS LTDA,30755437000104,432503.32,378401.54999999993,4,"0,02%"
J. C. BRITO MARMORES E GRANITOS LTDA,08490747000187,713008.69,616371.28,6,"0,03%"
JAC PNEUS LTDA,41739954000106,1072884.82,897365.15,2,"0,05%"
JACKELINE VANESSA DOS SANTOS TEIXEIRA 37314573859,37288627000108,3220234.42,2717160.51,5,"0,14%"
JEVIN COMERCIO E SERVICOS LTDA,31969702000373,3609606.55,2764132.9800000004,39,"0,16%"
JH ITALIA COMÉRCIO DE ALIMENTOS LTDA,31549316000160,1361541,1266065.91,6,"0,06%"
JK2MIL COMERCIO VAREJISTA DE PRODUTOS EIRELI,38121161000106,57249.56,46831.74,1,"0,00%"
JL TRANSPORTES BORRACHARIAS E PNEUS LTDA,33971551000151,820880.02,629978.3200000001,1,"0,04%"
JOAO FERREIRA DE LACERDA MARMORE,69239515000145,256568.69,223522.63999999998,2,"0,01%"
JOMAC LOGISTICA EM TRANSPORTES LTDA,31581876000100,213970.27,179359,1,"0,01%"
JPES COMERCIO ATACADISTA DE PECAS E ACESSORIOS LTDA,37794121000162,1769318.22,1326749.5399999998,3,"0,08%"
JPP IMPORTACAO E EXPORTACAO LTDA,05378352000360,2446792.88,1932709.41,6,"0,11%"
JR LIMA TRANSPORTES E LOGISTICA EIRELLI,33907915000134,3700,3700,1,"0,00%"
JRP COMERCIO DE MATERIAIS ELETRICOS LTDA,13645984000100,2672022.39,2211228.7399999998,13,"0,12%"
JULIATO FRUTAS LTDA,64903123000115,5491.84,4349.54,4,"0,00%"
JVS MARMORES E GRANITOS LTDA,03228645000174,1137250.09,972473.76,6,"0,05%"
K2 DISTRIBUIDORA E COMERCIO DE ALIMENTOS LTDA,32805719000196,261119.05,227486.91999999998,1,"0,01%"
KALUNGA COM. E INDUSTRIA GRAFICA LTDA,43283811013723,56.9,41.97,1,"0,00%"
KAMELL COMERCIO GLOBAL LTDA,12696968000183,79234459.93,65115927.46,235,"3,41%"
KARMAQ COMERCIO DE MAQUINAS E PNEUMATICOS LTDA,36396232000158,2599053.36,2140682.2300000004,8,"0,11%"
KGS ABRASIVOS E FERRAMENTAS DIAMANTADAS LTDA,22633058000105,34843694.93,30034489.579999994,89,"1,50%"
KIKO TECNOLOGIA AGRICOLA LTDA,24494175000160,1578832.23,1254413.67,12,"0,07%"
K-PRINT SUPRIMENTOS EIRELI,07496184000252,2187177.46,1676783.8599999999,5,"0,09%"
KR TRANSPORTES E LOGISTICA LTDA,05597965000208,59862.35,42933.1,1,"0,00%"
KTROK IMPORTACAO E EXPORTACAO DE EQUIPAMENTOS DE INFORMATICA LTDA,28581453000178,407820.84,363134.91000000003,1,"0,02%"
KUSAMA BRANDING DISTRIBUIDORA LTDA,13604182000151,339179.55,276183,4,"0,01%"
L G COMERCIO DE LENTES LTDA,00876057000159,599225.53,519023.39,9,"0,03%"
L G SANTOS LTDA,27291521000100,117926.07,91042.36,2,"0,01%"
L3 GRANITOS EIRELI - EPP,24075311000188,108048.55,94495.47,2,"0,00%"
LAC COMERCIO DE BEBIDAS LTDA,00954991000141,1110.38,879.44,1,"0,00%"
LAIS SANTOS DE OLIVEIRA - ME,23349952000110,9847.01,7798.839999999999,2,"0,00%"
LATINO AMERICANA METAIS LTDA,27961650000150,83602.71,72834.67000000001,1,"0,00%"
"LCS LOCADORA, MANUTENCAO E COMERCIO DE MAQUINAS LTDA",15491583000178,362806.3,317780.66,1,"0,02%"
LEANDRO DA SILVA MOTA,37943705000152,285743.07,274313.35,2,"0,01%"
LEIFIL MOVEIS LTDA,05690271000130,196955.07,161114.79,1,"0,01%"
LEONARDO PIRES BOAVENTURA ALIMENTOS E BEBIDAS,33875653000173,88366.82,69986.52,1,"0,00%"
LEVTRANS TRANSPORTES LTDA,26892578000193,49974.98,35841.91,1,"0,00%"
LF - COMERCIAL DE MATERIAIS PARA CONSTRUCAO LTDA - EPP,12888575000171,224609.84,190691.13,3,"0,01%"
LICITUDE COMERCIAL E SERVIÇOS LTDA,14394880000132,229500,193646.88,1,"0,01%"
LJL ROCHAS ORNAMENTAIS LTDA ME,09617090000139,181969.1,159322.76,3,"0,01%"
"LOCASIM COMERCIO, INDUSTRIA E LOCACAO DE MAQUINAS LTDA",02963800000133,764999.78,643234.4500000001,2,"0,03%"
LOGISTICA VALE DE ESCOL LTDA,19161656000114,144574.51,121188.52000000002,1,"0,01%"
LOG-ZOBOLE LOGISTICA E TRANSPORTES LTDA,41108646000174,353452.32,296278.82,1,"0,02%"
LOYAL VINHOS DISTRIBUIDORA LTDA,44899673000109,815833.21,667219.82,27,"0,04%"
LUARTE COMERCIO DE PEDRAS LTDA,06789953000167,108003.22,94092.41,1,"0,00%"
LUIZ RENATO CUNHA VILASTI,05824310777,9301.8,6671.219999999999,1,"0,00%"
LULI DISTRIBUIDORA DE COSMETICOS LTDA,23947651000350,3490622.36,2900695.8600000003,4,"0,15%"
LUMAX MATERIAIS ELETRICOS LTDA,28206361000108,590066.82,470274.88,2,"0,03%"
LUMAXXY MATERIAIS ELETRICOS LTDA,44498935000115,505217.68,401593.13,2,"0,02%"
LUNA ABRASIL INDUSTRIA E COMERCIO DE ABRASIVOS LTDA,16466528000190,6631048.37,5619842.640000001,19,"0,29%"
LUNA ABRASIVI SRL,,77653.45,70381,1,"0,00%"
LUZA ALIMENTOS E BEBIDAS LTDA,37927582000166,4829390.96,4636215.329999999,21,"0,21%"
LUZIANIA IND. E COM. DE MARMORES E GRANITOS LTDA - ME,18119745000130,288230.37,247753.84999999998,2,"0,01%"
M A TRANSPORTES LTDA ME,02959423000169,405334.35,339768.54,1,"0,02%"
M K BRUNO MOV E ELETRODOMESTICOS,12833436000140,4595,4595,1,"0,00%"
M K DISTRIBUIDORA DE BEBIDAS E PRODUTOS ALIMENTICIOS L TOA,18800484000208,4780833.88,4587366.64,18,"0,21%"
M.A ATACADO DE PECAS PNEUS E ACESSORIOS LTDA,16979461000198,30312017.48,24024341.800000004,50,"1,30%"
M.G.B MARMORES E GRANITOS DO BRASIL EIRELI,10869878000111,791332.6,675473.23,6,"0,03%"
M.H.M DISTRIBUIDORA DE ALIMENTOS LTDA,07427095000335,37218176.79,34162029.45000002,135,"1,60%"
M.H.M DISTRIBUIDORA DE ALIMENTOS LTDA.,07427095000335,647664.31,567165.87,7,"0,03%"
M.H.M. DISTRIBUIDORA DE ALIMENTOS LTDA.,07427095000173,148411.49,128778.82999999999,1,"0,01%"
MACHINE SERVICE LTDA,48977921000135,319344.48,269455.58999999997,1,"0,01%"
Macroex Comercial Importadora e Exportadora Ltda,08375113000183,3890962.81,3772751.53,10,"0,17%"
Macroex Comercial Importadora e Exportadora Ltda,08375113000264,3890962.81,3772751.53,10,"0,17%"
MAG BAN MARMORES E GRANITOS AQUIDABAN LTDA,31292568000157,20080626.12,16963076.990000002,11,"0,86%"
MAGNIFICAT SERVICOS COMERCIO E REPRESENTACOES LTDA.,03996446000106,597921.23,520909,5,"0,03%"
MAGNITOS MAGNAGO GRANITOS LTDA,06025749000170,4321662.55,3750511.5299999984,22,"0,19%"
MALT COMERCIO DE BEBIDAS E GENEROS ALIMENTCIOS LTDA,26210394000104,93716.35,76662.62000000001,1,"0,00%"
MAQSHOW SERVICOS COMERCIO E LOCACAO DE EQUIPAMENTOS LTDA,24772866000260,28321.17,23450.05,1,"0,00%"
MARBRASA MARMORES E GRANITOS DO BRASIL S A,27189489000148,368030.51,306928.18,3,"0,02%"
MARBRASA NORTE MINERADORA LTDA,06867144000126,20288202.84,17041738.110000003,78,"0,87%"
MARCIUS PNEUS EIRELI,34994644000164,704889.95,594770.1,2,"0,03%"
MARGIL MARMORES E GRANITOS INDEPENDENCIA LTDA,32416364000143,142888.03,125122.73000000001,1,"0,01%"
MARGRAMAR GRANITOS LTDA,31289499000122,22600166.36,19677699.089999996,102,"0,97%"
MARINNER DO BRASIL PESCA LTDA,48173675000169,188953.73,151620.46000000002,2,"0,01%"
MARMI OROBICI DO BRASIL LTDA,05360514000171,2303830.38,1997916.7800000003,12,"0,10%"
MARMIL MARMORE MIMOSO COMERCIO EXPORTACAO E IMPORTACAO LTDA,32473118000123,59728.93,52035.85,1,"0,00%"
MARMOBOL MARMOLERA MONTIEL BOLIVIANA,,79291.04,79291.04,1,"0,00%"
MARMORARIA CAMPO NOVO LTDA,05256203000167,1150201.5,1003159.5999999999,8,"0,05%"
MARMORARIA CATARINENSE - COMERCIO DE MARMORES E GRANITOS LTDA,04132417000169,201886.72,175883.7,1,"0,01%"
MARMORARIA K-LU LTDA,34023382000190,326835.98,284739.52,2,"0,01%"
MARMORARIA VICENTE PEDRAS LTDA,05304657000166,111600.55,96179.67000000001,2,"0,00%"
MASTER ALIMENTOS LTDA,12441236000142,15216692.85,13437538.560000002,54,"0,66%"
MASTER VITÓRIA BRASIL LTDA EPP,20270398000193,238066.39,189953.64,1,"0,01%"
MATAVELLI GRANITOS LTDA,08839634000144,8925543.05,7483480.11,14,"0,38%"
MATAVELLI GRANITOS LTDA EPP,08839634000144,605659.53,529420.22,6,"0,03%"
MATOS MOVEIS PLANEJADOS LTDA,33471231000132,293176.18,239826.37,1,"0,01%"
MAXIMINHO FRUTARIA LTDA,45761216000108,2218.87,1815.08,2,"0,00%"
MAZIOLI GRANITOS LTDA,17950234000100,221162.09,192676.41,1,"0,01%"
MEANI MARMORES E GRANITOS LTDA,39271952000185,2232718.56,1934208.08,8,"0,10%"
MEGA DIAMOND FERRAMENTAS E ABRASIVOS LTDA,33015380000197,2792019.95,2398045.0200000005,13,"0,12%"
"MEGATUMII COMERCIO, IMPORTACAO E EXPORTACAO EIRELI",23027655000159,60046.72,47013.05,1,"0,00%"
MEKI STONES COMERCIO LTDA,09523845000136,1785326.02,1539528,17,"0,08%"
MERC DIESEL DISTRIBUIDORA DE PECAS LTDA,28398501000359,396744.75,319707.17000000004,4,"0,02%"
MERCATTO DISTRIBUIDORA DE MARMORES E GRANITOS LTDA,05329095000105,309738.62,267089.55,3,"0,01%"
MERIDIONAL POLIMENTOS EIRELI EPP,07876008000165,744543.95,649290.3200000001,6,"0,03%"
MG ATELIE LTDA,24923564000164,158411.71,138008.28,1,"0,01%"
MG2 MARMORES E GRANITOS LTDA,07803841000186,4058833.65,3471214.84,12,"0,17%"
MILAO RODAS LTDA,09282777000160,197318.95,159429.89,1,"0,01%"
MILETO DISTRIBUIDORA DE MATERIAIS ELETRICOS LTDA,20710129000109,221754.87,184354.41999999998,4,"0,01%"
MINERACAO ARACUI LTDA ME,32493157000192,67174.15,58398.76999999999,2,"0,00%"
MINERACAO VMC LTDA,34808462000151,20316.61,17699.83,1,"0,00%"
MINING CONSULTING AND TRAINING LTDA,29990148000100,312533.5,271342.95,3,"0,01%"
MORGAN MARMORES E GRANITOS LTDA EPP,32421349000193,294175.43,256296.47999999998,3,"0,01%"
MOSTO DA BARRA COMERCIO DE VINHOS EIRELI,28706393000172,28907.91,22894.989999999998,7,"0,00%"
MOTA RENA TRANSPORTES LTDA,20957465000142,404850,339362.53,1,"0,02%"
MOTORA TECNOLOGIA SA,21515476000135,88078.29,67912.53,2,"0,00%"
MP ACOS MATERIAIS SIDERURGICOS LTDA ME,24688607000174,238835.76,188430.34,5,"0,01%"
MP COMERCIO DE MAQUINAS E ABRASIVOS LTDA,12872184000169,1233675.22,1073037.21,13,"0,05%"
MR PEDRAS ORNAMENTAIS LTDA EPP,12334655000185,402213.39,343255.74,2,"0,02%"
MR TRADING LTDA,34666014000160,22158432.25,19357505.770000003,58,"0,95%"
MS GRANITOS DO BRASIL LTDA ME,13184334000104,453408.02,370537.27999999997,2,"0,02%"
MT GRANITOS LTDA,09014385000110,346279.48,301678.67,3,"0,01%"
MULTI WINE COMERCIO ATACADISTA EIRELI,33288771000185,26396878.18,21216413,214,"1,14%"
MULTIPEDRAS COMERCIO DE MARMORES E GRANITOS EIRELI,00904036000108,776531.07,670520.07,5,"0,03%"
MZF COMERCIAL IMPORTADORA E EXPORTADORA DE BEBIDAS LTDA.,13729049000121,1727815.92,1367779.4199999997,15,"0,07%"
NAINE INDUSTRIA E TRANSPORTES LTDA,13706590000114,165373.71,135280.36,1,"0,01%"
"NAN'AN GUANG TAIXIANG STONE CO., LTD",,619327.58,619327.58,1,"0,03%"
NATALIA RAGAZONI BARBOSA REPRESENTACAO COMERCIAL,31348407000138,5988.49,4845.73,5,"0,00%"
NATURAL DA TERRA COMERCIO VAREJISTA HORTIFRUTTI LTDA,15621463001110,7840580.7,6571564.900000003,63,"0,34%"
NATURALE GRANITOS E MARMORES LTDA,03594856000120,5292739.75,4612100.189999999,23,"0,23%"
NAUTICOLA INDUSTRIA E COMERCIO LTDA,32473340000126,516544.45,435987.03,1,"0,02%"
NAWAEM SALOON SUPPLUES,,94894.3,94894.3,2,"0,00%"
NAWAWM SALOON SUPPLIES,,81690,81690,1,"0,00%"
NETO PNEUS,30837675000150,321520.95,263936.07,1,"0,01%"
NOBREDO COMERCIO E LOGISTICA LTDA,21074121000239,101360301.5,92648221.48000003,329,"4,36%"
NOBREDO COMÉRCIO E LOGÍSTICA LTDA,21074121000158,1386984.1,1331504.7399999998,2,"0,06%"
NOVA STONE LTDA,07861134000146,1154647.77,977161.7,4,"0,05%"
NOVAMIX FOOD SERVICE COMERCIO DE ALIMENTOS LTDA,19303867000144,4450,4272,1,"0,00%"
NOVATECH ABRASIVOS EIRELI,23352050000133,526769.5,457193.16000000003,17,"0,02%"
NOVO HORIZONTE MARMORES E GRANITOS LTDA,11885599000104,1447618.12,1260599.45,16,"0,06%"
NOVO IMPERIO MARMORES E GRANITOS LTDA,42250574000168,106024.02,92368.11,1,"0,00%"
NUTRITION IMPORT COMERCIO ATACADISTA DE SUPLEMENTOS EIRELI,08291376000880,265079.12,227005.16,1,"0,01%"
NUTRITION IMPORT COMERCIO ATACADISTA DE SUPLEMENTOS LTDA - EPP,08291376000104,273752.95,238902.25,2,"0,01%"
O PORTUGUES COMERCIO IMPORTACAO E EXPORTACAO - EIRELI,33866782000103,388475.46,307672.57,1,"0,02%"
OLIVEIRA IND. E COM. DE RETENTORES LTDA,31482789000198,1170559.1,922431.4199999999,10,"0,05%"
OLIVEIRA MATERIAIS DE VEDACAO LTDA EPP,07505785000101,1285111.49,1014083.0500000003,7,"0,06%"
OLIVEIRA ROLAMENTOS LTDA,02377066000120,726559.21,592878.1,5,"0,03%"
ONEGRID SISTEMAS S.A.,28667196000191,164509.18,125772.10999999999,1,"0,01%"
OPTICA-SERV COMERCIO E SERVICOS OPTICOS LTDA,28465670000100,120574.03,108627.02,2,"0,01%"
OPUS IMPORTACAO E COMERCIO DE EQUIPAMENTOS PARA MINERACAO LTDA,33672362000188,8810663.1,7577139.8500000015,69,"0,38%"
OZA ROCHAS DO BRASIL LTDA,13645518000124,15406725.64,13427023.559999997,57,"0,66%"
P2 BAR E RESTAURANTE LTDA,33160932000150,108701.77,88921.1,1,"0,00%"
PAMIGRAN COMERCIO DE IMPORTACAO E EXPORTACAO EIRELI,30917592000171,339557.35,292745.80000000005,5,"0,01%"
PANACOPY COMERCIO DE EQUIPAMENTOS REPROGRAFICOS LTDA,37165529000175,509618.61,424012.80999999994,7,"0,02%"
PANAN - INDUSTRIA DE MADEIRAS E MOVEIS LTDA,36343960000100,16097712.24,13015304.149999999,30,"0,69%"
PANORAMA COMERCIO DE MARMORES E GRANITOS LTDA,11256553000126,3929976.95,3442293.0599999996,24,"0,17%"
PANORAMA MARMORES E GRANITOS LTDA,12937489000101,25543323.22,22171461.63,136,"1,10%"
PANVAC INDUSTRIA DE MAQUINAS E PECAS LTDA,20245526000149,616488.42,537084.71,6,"0,03%"
PASTA ITALIA COMERCIO EXTERIOR LTDA,03501773000140,40687.64,39060.13,1,"0,00%"
PAZIGRAM PAZINI GRANITOS E MARMORES LTDA,03574114000133,338432.12,294842.07,1,"0,01%"
PEDRA DO ITABIRA GRANITOS LTDA,04094624000176,343113.38,285539.3,1,"0,01%"
PEDRA LISA MARMORES E GRANITOS LTDA,39345897000120,287529.59,251317.35,3,"0,01%"
PEDRA LISA MARMORES E GRANITOS LTDA EPP,39345897000120,257095.03,224549.88,3,"0,01%"
PEDRALUSA COMERCIAL IMPORTADORA E EXPORTADORA LTDA,19023665000220,1660033.77,1394097.3000000003,16,"0,07%"
PEDRAS DO BRASIL COMERCIO IMPORTACAO  E EXPORTACAO LTDA,04878099000180,2281545.85,1987551.2599999998,3,"0,10%"
PEDRASUL LTDA,04875069000110,793676.84,686138.24,7,"0,03%"
PEMAGRAN PEDRAS MARMORES E GRANITOS LTDA,27479401000122,905246.47,783823.6599999999,7,"0,04%"
PERFIO POLIURETANO EIRELI ME,18416343000105,690434.22,591002.9999999999,5,"0,03%"
PETROFITAS COMERCIO E INDUSTRIA DE EMBALEGENS LIMITADA,24655424000152,426733.91,356109.22,1,"0,02%"
PHD COMERCIO E DISTRIBUICAO DE PRODUTOS ALIMENTICIOS EIRELI,25203135000185,20912109.61,17091845.02999999,124,"0,90%"
PHT TRANSPORTES LTDA,07103642000165,313157.52,263877.37,1,"0,01%"
PHV AUTOMACAO E ENGENHARIA LTDA,24069380000189,52443.4,45688.7,2,"0,00%"
PHV PNEUMATICA E HIDRAULICA VITORIA LTDA EPP,12655499000154,709948.64,596699.4099999999,7,"0,03%"
PICASSO IMPORTACAO E E-COMMERCE LTDA,48342707000102,74776.9,61169.619999999995,1,"0,00%"
PIEMME IMPORTACAO DE MATERIAIS PARA CONSTRUCAO LTDA,13739785000160,116389.27,96693.16999999998,3,"0,01%"
PIEMME IMPORTAÇÃO DE MATERIAIS PARA CONSTRUÇÃO LTDA-ME,13739785000241,67022.08,59938.18,4,"0,00%"
PISAR PISOS DO BRASIL EIRELI,26537732000109,212713.54,178366.28000000003,1,"0,01%"
PNR IMPORT COMERCIO DE BEBIDAS E ALIMENTOS FINOS LTDA,17689055000153,4979250.13,4038151.37,11,"0,21%"
PODIUM MARMORES E GRANITOS LTDA,05360903000105,1453899.94,1267389.65,13,"0,06%"
POLICAST MARMORES E GRANITOS LTDA,03919665000191,794102.31,675064.8200000001,5,"0,03%"
POLIMENTOS ZOPPE MARMORES E GRANITOS LTDA,03345737000134,431972.39,354934.02999999997,3,"0,02%"
POLIROCHAS EXPORT LTDA,44018102000100,98692.91,85891.5,1,"0,00%"
POLO DE INDUSTRIA E COMERCIO DE ARTEFATOS DE PAPEL LTDA,07593257000143,490432.75,392626.18,2,"0,02%"
POLYCRON TEXTIL INDUSTRIAL LTDA,27975887000190,14078766.68,12067273.899999997,36,"0,61%"
POTENCIAL PEDRAS DO BRASIL LTDA,19390433000129,6111356.32,5016306.449999999,3,"0,26%"
PREMIER TEMPEROS E CONSERVAS LTDA,28069003000109,75913.26,66841.54,1,"0,00%"
PREMOBRAS PREMOLDADOS BRASILEIROS LTDA,30575864000283,1450936.3,1163309.84,1,"0,06%"
PRO MARMO COMERCIO DE MARMORES E GRANITOS LTDA,07274398000101,96975.07,84484.68000000001,1,"0,00%"
PROTEUS EMBALAGENS - LTDA,18588748000112,401254.06,338569.02,2,"0,02%"
PS2 - COMERCIO E SERVICOS PARA TRATAMENTO DE EFLUENTES LTDA,04997695000189,1734961.02,1419695.4899999998,6,"0,07%"
PS2 INDUSTRIA E COMERCIO E SERVIÇOS ESPECIALIZADOS PARA TRATAMENTO DE,05378462000160,243088.06,203732.5,1,"0,01%"
PSI ANDINO BRASIL IMPORTACAO E EXPORTACAO EIRELI,35448494000156,67495.22,58801.840000000004,1,"0,00%"
PURO CENTEIO DELICATESSEN - EIRELI,25116929000101,24578.44,19466.05,5,"0,00%"
QR 105 BAR E RESTAURANTE LTDA,35117284000185,30436.5,24897.92,1,"0,00%"
QUALICOMEX COMERCIO DE COSMETICOS EIRELI EPP,28067514000183,101941.95,70375.53,2,"0,00%"
QUALIMAX IMPORTACAO DE CINTAS TEXTIL LTDA,24345075000172,169251.17,146317.38,1,"0,01%"
QUALITRAN TRANSPORTES LTDA,14919429000191,6468,6468,1,"0,00%"
QUALITY CONSULTORIA AMBIENTAL LTDA,11596645000155,516466.55,380511.47,6,"0,02%"
QUARTZBLUE QUARTZITOS DO BRASIL LTDA,17331106000170,11697885.53,9293653.33,10,"0,50%"
QUARTZCOLORS LTDA ME,29920081000120,1558007.12,1360983.29,13,"0,07%"
QUEIROZ COMÉRCIO DE MÁRMORES E GRANITOS EIRELI,32743951000147,400368.13,347039.98,2,"0,02%"
QUIOSQUE DA LAGOA BAR E RESTAURANTE LTDA,45254241000103,8696.14,7113.679999999999,1,"0,00%"
R LOUREIRO ALIMENTOS EIRELI,38113897000132,708340.66,680007.03,1,"0,03%"
RDF COMERCIO DE ALIMENTOS LTDA,13297880000151,2118004.83,1675780.84,18,"0,09%"
RDS COMERCIO DE BEBIDAS LTDA,37733016000113,56160.53,44651.27,9,"0,00%"
REAL WM MARMORARIA LTDA,45315055000129,301942.11,263051.98,1,"0,01%"
RECCOS COSMETICA LTDA - ME,14575637000110,58990.41,40616.34,1,"0,00%"
RECCOS COSMETICA LTDA-ME,14575637000382,331.21,228.04999999999995,1,"0,00%"
REINALDO BELLI PIMENTA OTICA LTDA,08802824000278,182421.15,152472.21000000002,3,"0,01%"
RENAP PNEUS E PECAS PARA VEICULOS LTDA,23691642000180,800011.36,676818.99,5,"0,03%"
REPOX SRL,,71202.86,69233.59,1,"0,00%"
RESTAURANTE DON CAMILO LTDA,30923459000128,40687.64,39060.13,1,"0,00%"
REVEST MARMORES E GRANITOS LTDA EPP,07367727000150,29618.62,24434.12,1,"0,00%"
ROBLE COMERCIAL LTDA,34382872000183,1187585.63,958210.71,8,"0,05%"
ROCKTOOLS BRASIL - FERRAMENTAS DIAMANTADAS LTDA,17049952000100,314781.64,267818.07999999996,1,"0,01%"
RODONIL TRANSPORTES E LOGISTICA EIRELI,12824620000124,69742.75,50019.3,2,"0,00%"
RODRIGO JUSTO CARDOSO,29606282848,150,132,1,"0,00%"
ROTEC EQUIPAMENTOS INDUSTRIAIS LTDA,00277282000179,4209841.81,3444417.1099999994,48,"0,18%"
ROYAL TRANSPORTES E LOGISTICA LTDA,10637481000102,2052,2052,1,"0,00%"
RPM COMERCIO IMPORTAÇÃO E EXPORTAÇÃO LTDA,07373786000131,1166691.96,1006467.95,20,"0,05%"
RUBBERPLAST INDUSTRIA E COMERCIO EIRELI,19394485000173,1014716.73,803655.6499999999,1,"0,04%"
RV COMÉRCIO ATACADISTA DE ALIMENTOS E BEBIDAS LTDA,45164476000104,155330.12,138896.37,2,"0,01%"
S L WEBER SERVICOS EPP,18793732000141,2134246.33,1645898.1500000001,10,"0,09%"
S.C.M BEBIDAS E ALIMENTOS EIRELI,31135482000110,346942.45,274778.38000000006,3,"0,01%"
S.M.H. INDÚSTRIA E COMÉRCIO EXPORTADORA DE ROCHAS ORNAMENTAIS LTDA,39788245000160,825219.45,703156.8299999998,5,"0,04%"
S.R. COMERCIO DE OCULOS LTDA,68870104000190,1075845.1,942528.27,10,"0,05%"
S2A MINERACAO LTDA,35130363000126,1614791.85,1569094.67,2,"0,07%"
SABAGRAM SABADINE GRANITOS E MÁRMORES LTDA,03610092000110,201816.33,175822.40000000002,1,"0,01%"
SABRINA BAIENSE SILVA - ME,18362449000165,977009.92,845743.7000000001,2,"0,04%"
SAMBE COMERCIO ATACADISTA DE PRODUTOS ALIMENTICIOS LTDA,21238486000170,934851.73,897457.6599999999,2,"0,04%"
SANEVIX ENGENHARIA LTDA,02776035000142,366282.07,295715.85,4,"0,02%"
"SANGSAN TECH CO., LTD",,1796,1796,1,"0,00%"
SANTA RITA INDUSTRIA E COMERCIO DE ABRASIVOS LTDA,07962071000114,677720.52,590430.1300000001,7,"0,03%"
"SANTA RITA INDUSTRIA E COMERCIO DE ABRASIVOS, INSUMOS E PEDRAS LTDA ME",09221850000194,1204585.22,1050198.33,22,"0,05%"
SANTA THEREZINHA ATACADISTA DE PRODUTOS ALIMENTICIOS LTDA,15464658000555,2228742.51,1785480.3499999999,6,"0,10%"
SANTIAGO VINHOS COMERCIAL LTDA,34488246000176,260429.72,224043.83000000002,5,"0,01%"
SANTO ANTONIO GRANITOS LTDA,27188739000125,14966644.51,12992401.41,41,"0,64%"
SERRA NORTE GRANITOS LTDA EM RECUPERACAO JUDICIAL,02372580000173,97245.77,84007.83,3,"0,00%"
SETE DISTRIBUIDORA DE INSUMOS E ROCHAS LTDA,04556674000128,15460835.97,12504747.09,60,"0,67%"
SETE LUBRIFICANTES LTDA,34630592000147,424928.22,338357.08999999997,1,"0,02%"
SEVEN COMERCIO DE MARMORES E GRANITOS LTDA EPP,09504971000143,2594713.53,2222044.6900000004,20,"0,11%"
SHOPPING DISTRIBUIDORA DE ALIMENTOS E BEBIDAS EIRELI,26972007000169,22797.76,18055.809999999998,1,"0,00%"
SIDERAL INDUSTRIA E COMERCIO LTDA,27489855000184,1232398.24,970974.2299999999,11,"0,05%"
SIMEC DO BRASIL COMERCIAL LTDA,19450738000189,1163241.79,953855.7799999998,17,"0,05%"
SIPRIANNI ACESSORIOS PARA BEBES LTDA,08298504000141,484325.92,384196.4,2,"0,02%"
SIQUEIRA COMERCIO DE MARMORES E GRANITOS EIRELI,32742451000190,297673.5,259333.16,1,"0,01%"
SKYSTONE DO BRASIL LTDA,22134215000138,114119564.89,98149726.01000004,403,"4,91%"
SO LENTES SP DISTRIBUIDORA DE PRODUTOS OPTICOS EIRELI,31849667000197,113514.33,105123.81,2,"0,00%"
SOCIEDADE DA MESA COMERCIO DE VINHOS LTDA.,05857667000552,1617146.14,1280927.42,8,"0,07%"
SOCIEDADE DA MESA COMÉRCIO DE VINHOS LTDA.,05857667000129,1737829.45,1407599.16,10,"0,07%"
SOMAR PECAS DIESEL LTDA,13030885000113,434168.38,350799.64,1,"0,02%"
SPON DISTRIBUIDORA DE BEBIDAS LTDA,39769541000114,1356386.2,1087742.0699999998,37,"0,06%"
SQA FOODS INDÚSTRIA E COMÉRCIO DE ALIMENTOS LTDA,32759784000122,314809.87,302217.48,2,"0,01%"
SS IMPORTADORA LTDA,42609350000108,385310.37,305165.82,2,"0,02%"
SS3 MARMORES E GRANITOS IMPORTACAO E EXPORTACAO EIRELI -ME,04262281000101,186660.65,163008.18,2,"0,01%"
STO ATACADISTA DE ALIMENTOS EIRELI,15464658000717,18899.71,14968.580000000002,2,"0,00%"
STOCCHERO ATTILIO E C. S.R.L,,497472.52,497472.52,1,"0,02%"
STONE CENTER COMERCIO ATACADISTA DE MARMORES LTDA,10539397000148,1315627.22,1136083.29,10,"0,06%"
STONE MACHINE COMERCIO IMPORTACAO E EXPORTACAO LTDA,02591227000184,360101.52,315849.98,8,"0,02%"
STRETCH MIX PLASTICOS EIRELI,24623024000165,68616.11,44120.270000000004,1,"0,00%"
SUMATEX PRODUTOS QUIMICOS LTDA,30927990000179,27302214.58,23143562.780000012,69,"1,18%"
SUNMIGHT INDUSTRIA COMERCIO EXPORTAÇÃO LTDA,28583406000163,492469.8,429316.93,10,"0,02%"
SUNMIGTH INDUSTRIA COMERCIO EXPORTACAO E IMPORTACAO EIRELI,28583406000163,219376.17,191989.69,4,"0,01%"
SUNMIGTH INDUSTRIA COMERCIO EXPORTACAO LTDA,28583406000163,956514.41,807401.55,15,"0,04%"
SUPER CLASSICO COMERCIO IMPORTACAO E EXPORTACAO LTDA,05106351000103,45340.55,39621.19,1,"0,00%"
SUPER GIRO DISTRIBUIDORA DE GENEROS ALIMENTICIOS EIRELI,13876326000129,1454985.72,1175579.05,4,"0,06%"
SUPERMERCADO REAL DE NITEROI LTDA,10697697000155,91780.66,88109.38,1,"0,00%"
SUPERPRIX  LOJAS DE ALIMENTOS LTDA,02618563000173,91780.84,88109.62999999999,1,"0,00%"
SURFACE PEDRAS DO BRASIL EIRELI,33961852000102,2885396.12,2475067.2199999993,11,"0,12%"
SV TRANSPORTES E LOGISTICA LTDA,13349563000131,804192.62,673447.51,4,"0,03%"
SW ADESIVOS E REVESTIMENTOS ANTICORROSIVOS LTDA,07606905000159,4088134.41,3415891.68,67,"0,18%"
T.V. RIGOLETO INDUSTRIA E COMERCIO LTDA,17488972000170,363239.99,316454.68000000005,2,"0,02%"
"TDC - COMERCIO, IMPORTACAO, EXPORTACAO E REPRESENTACAO LTDA",62050240000158,12730028.41,10232033.290000001,31,"0,55%"
"TDC - COMÉRCIO, IMPORTAÇÃO, EXPORTAÇÃO E REPRESENTAÇÃO LTDA.",62050240000239,17573201.38,14159958.75,47,"0,76%"
TDI BRASIL REPRESENTACOES E COMERCIO LTDA,24551116000187,588231.7,451170.76,3,"0,03%"
TERRA GRANITOS SC,37024432000142,95194.6,82933.53,1,"0,00%"
TERRA MINAS TERRAPLENAGEM E TRANSPORTES LTDA,09042829000121,628999.56,481638.29000000004,1,"0,03%"
TERRA NOSTRA VINHO E CIA COMERCIO E DISTRIBUICAO DE BEBIDAS LTDA,47164974000174,5790.22,4736.57,1,"0,00%"
TERRAS DE BORNES DISTRIBUIDORA DE BEBIDAS EIRELI,32295821000199,12596.11,10256.390000000001,7,"0,00%"
THE WINE COMERCIO DIGITAL LTDA,17605391000170,4358396.33,3500319.75,20,"0,19%"
Thiago Narbal Fontoura de Oliveira,10451768779,216.67,170.07999999999998,1,"0,00%"
TIG TRADING INTERNATIONAL GRANITE LTDA,04672579000190,560360.44,464374.97,12,"0,02%"
TOP COMERCIO DE MARMORES E GRANITOS LTDA,14742474000113,154400.46,134513.68,1,"0,01%"
"TOP FAST IMPORT EXPORTAÇÃO, IMPORTAÇÃO E COMERCIO TDA",43451745000180,310817.98,270784.62,2,"0,01%"
TORRE E CIA SUPERMERCADOS S A,07760885000176,9739.44,7713.630000000001,1,"0,00%"
TRANSDTA TRANSPORTES E ASSESSORIA EM COMERCIO EXTERIOR LTDA,08093972000180,1420,1420,1,"0,00%"
TRANSFRITZ TRANSPORTES E TERMINAL LOGISTICO LTDA,17159624000159,1124084.59,1124084.59,3,"0,05%"
TRANSPORTADORA EMANUEL EIRELI ME,07425108000175,64975.43,46600.18,1,"0,00%"
TRANSPORTADORA LUBE LTDA,28126845000147,7279.99,5264.83,1,"0,00%"
TRANSPORTE SARDO LTDA,15168514000128,387549.57,327005.52,1,"0,02%"
TRANSPORTES POLONI LTDA,30689889000127,315121.31,265532.12,1,"0,01%"
TRANSPORTES SARZEDO LTDA,01934441000123,4379642.27,3360739.42,7,"0,19%"
TRANSTERNURA TRANSPORTES LTDA,35752329000193,32960,27773.23,1,"0,00%"
TRANSUIÇA LOCAÇÃO E PRESTAÇÃO DE SERVIÇO LTDA,32466732000168,725212.31,584865.04,2,"0,03%"
TRANSUICA LOCACAO E PRESTACAO DE SERVICOS LTDA.,32466732001059,723557.69,606516.9099999999,1,"0,03%"
TRANSVEGAS TRANSPORTES,36049161000117,4124.09,3859.6499999999996,1,"0,00%"
TRAXTERRA SERVICOS E EQUIPAMENTOS LTDA,09537442000227,628999.8,482721.26,1,"0,03%"
TRES IRMAOS TRANSPORTE COMERCIO E SERVICOS LTDA,33787815000111,89379.98,64103.08,1,"0,00%"
TRIDAN COMPONENTES ELETRICOS LTDA.,26727928000247,31031.87,24167.699999999997,1,"0,00%"
TROPICAL & MAGIC DISTRIBUIDORA DE ALIMENTOS E BEBIDAS LTDA,47845659000102,303886.28,241226.17,2,"0,01%"
TROPICAL STONE GRANITOS EIRELI EPP,09094076000106,69039.64,57529.28,1,"0,00%"
TROPICAL STONE GRANITOS LTDA,09094076000106,2263966.25,1953667.47,18,"0,10%"
TS MATERIAIS ELETRICOS LTDA,37180362000111,100298.48,80601.03,1,"0,00%"
TT ARMAZENS GERAIS LTDA,05290339000274,4626950.58,4391311.540000001,12,"0,20%"
TUBOARTE INDUSTRIA E COMERCIO LTDA,01802541000104,1078051.97,865983.8899999999,4,"0,05%"
TURIMEX IMPORTACAO E EXPORTACAO LTDA,17185153000153,241897.92,208226.66,2,"0,01%"
TURIMEX IMPORTAÇÃO E EXPORTAÇÃO LTDA,17185153000153,4564461.1,3973412.7600000002,31,"0,20%"
UMI SAN SERVIÇOS DE APOIO A NAVEGAÇÃO E ENGENHARIA LTDA,03290647000193,4625557.67,3599535.15,7,"0,20%"
UNICAP TRANSPORTES LTDA,36368624000103,331034.06,277486.88,1,"0,01%"
UNIMARMORE UNIDADE INDUSTRIAL DE MARMORE LTDA,27487248000185,759807.61,663307.22,9,"0,03%"
UVINO COMERCIAL LTDA,19998783000172,57249.56,46831.74,1,"0,00%"
V3SP COMERCIO E ASSESSORIA - EIRELI,21577165000109,105421.07,92439.83,3,"0,00%"
VBC DISTRIBUIDOR E SERVICOS LTDA,00558709000107,253985.88,221453.45,3,"0,01%"
VERMONT MINERACAO EXPORTACAO E IMPORTACAO LTDA ME,07436787000188,24973009.56,21664889.029999997,37,"1,08%"
VERONA DISTRIBUIDORA DE MARMORES E GRANITOS LTDA ME,11405204000129,242861.19,204920.75,2,"0,01%"
VESCOVI & CIA LTDA,36311553000102,74000,72224,1,"0,00%"
VILA ERVAS E ALIMENTOS COMERCIAL LTDA-EPP,05418260000103,53510.44,46618.3,1,"0,00%"
VILA VITORIA MERCANTIL DO BRASIL LTDA,14024944000103,975129.97,799992.9299999999,4,"0,04%"
VILUX VITORIA LUX INDUSTRIAL EIRELI EPP,31494990000195,60911.52,48529.92,1,"0,00%"
VIMINAS VIDROS ESPECIAIS LTDA,31702947000330,32991860.11,25992920.769999996,93,"1,42%"
VINIAL IMPORTAÇÃO E EXPORTAÇÃO LTDA.,24921381000100,81415.93,66600.53,1,"0,00%"
VINO VERITAS INTERMEDIAÇÃO COMERCIAL LTDA,34382089000110,52479.64,42929.82,1,"0,00%"
VIPE TRANSPORTES E SERVICOS LTDA,32431033000182,163040,137383.14,1,"0,01%"
VISTAS REPRESENTACAO COMERCIAL LTDA,40405785000105,507488.06,437587.24,10,"0,02%"
VITÓRIA COMERCIO DE ALIMENTOS LTDA,06280530000117,148101.7,117296.55000000002,1,"0,01%"
W.A. MOREIRA EIRELI,07428785000147,387549.57,327005.52,1,"0,02%"
WAP TRANSPORTES E LOCACOES LTDA,42755145000142,81600,68758.98,1,"0,00%"
WIMAGRAN MARMORES E GRANITOS LTDA - ME,08857876000160,119610.92,104205.03,1,"0,01%"
WINE FUNDING BRASIL LTDA,47929221000102,90494.34,74026.93,1,"0,00%"
WINE LOVERS - COMERCIO DE VINHOS LTDA - ME,07783625000116,60501.54,47917.22,1,"0,00%"
WINES4U COMERCIO IMPORTACAO E EXPORTACAO DE VINHOS LTDA,25036026000463,1849779.83,1511540.75,8,"0,08%"
"WINES4U COMERCIO, IMPORTACAO E EXPORTACAO DE VINHOS LTDA",25036026000110,682998.57,547151.3400000001,3,"0,03%"
"WORLD FIT IMPORTACAO, EXPORTACAO, COMERCIO E SERVICOS LTDA",19794679000166,95230.49,83513.46,1,"0,00%"
XANDAO LOG LTDA,44344557000115,371866.99,313348.01,1,"0,02%"
"XIAMEN AOLI TRADING CO., LTD",,128747.2,117188.19,1,"0,01%"
"XIAMEN CWT IMPORT & EXPORT CO., LTD.",,103597.53,103597.53,1,"0,00%"
"XIAMEN DALIANG TRADING CO.,LTD.",,95167.49,95167.49,1,"0,00%"
YATHON DO BRASIL INDUSTRIA IMPORTACAO E EXPORTACAO EIRELI,32090279000138,968006.97,763317.73,6,"0,04%"
Z - LION BRASIL LTDA - EPP,15112648000127,519759.09,451927.47,7,"0,02%"
ZANEPAN COM. ATACADISTA DE GENEROS ALIMENTICIOS LTDA,04319228000361,13347276.73,12732573.790000003,74,"0,57%"
ZANEPAN COMERCIO ATACADISTA DE GENEROS ALIMENTICIOS LTDA,04319228000108,526436.16,485687.42000000004,2,"0,02%"
ZARUC TECNOLOGIA LTDA,10499742000167,877341.34,686983.99,13,"0,04%"
ZENOBIA MARMORES E GRANITOS  EIRELI - ME,22632486000113,255033.32,222828.64,3,"0,01%"
ZILLI ARMAZENS GERAIS S.A.,30683536000896,148395.18,128230.08,2,"0,01%"
Z-LION BRASIL ARTIGOS PARA MARMORARIA LTDA,15112648000127,689764.38,612091.23,9,"0,03%"
