Cliente do Processo,Sum of Valor Total,%GT Sum of Valor Total,Count of Processo,Month
CS3 MARMORES E GRANITOS LTDA,10445888.57,"1,89%",22,March
Macroex Comercial Importadora e Exportadora Ltda,10335061.319999998,"1,87%",25,October
CS3 MARMORES E GRANITOS LTDA,10112215.920000006,"1,83%",20,December
CS3 MARMORES E GRANITOS LTDA,9293447.660000002,"1,68%",18,October
Macroex Comercial Importadora e Exportadora Ltda,8806089.81,"1,59%",17,May
CS3 MARMORES E GRANITOS LTDA,8772233.449999997,"1,59%",22,June
Macroex Comercial Importadora e Exportadora Ltda,8295051.480000001,"1,50%",20,August
Macroex Comercial Importadora e Exportadora Ltda,8010434.85,"1,45%",19,September
Macroex Comercial Importadora e Exportadora Ltda,7813568.28,"1,41%",20,November
Macroex Comercial Importadora e Exportadora Ltda,7742675.390000003,"1,40%",21,December
CS3 MARMORES E GRANITOS LTDA,7034861.029999999,"1,27%",17,November
CS3 MARMORES E GRANITOS LTDA,6951135.670000004,"1,26%",11,February
CS3 MARMORES E GRANITOS LTDA,6832953.269999997,"1,24%",16,August
NOBREDO COMERCIO E LOGISTICA LTDA,6273186.0600000005,"1,13%",12,March
CAJUGRAM IMPORTADORA E DISTRIBUIDORA LTDA,5272075.61,"0,95%",17,November
CS3 MARMORES E GRANITOS LTDA,5124350.110000002,"0,93%",15,September
VIMINAS VIDROS ESPECIAIS LTDA,4955513.120000001,"0,90%",11,December
COMARY INDÚSTRIA DE BEBIDAS LTDA,4887921.740000001,"0,88%",3,October
NOBREDO COMERCIO E LOGISTICA LTDA,4855630.5600000005,"0,88%",12,January
Macroex Comercial Importadora e Exportadora Ltda,4799158.75,"0,87%",10,April
CAJUGRAM IMPORTADORA E DISTRIBUIDORA LTDA,4675510.900000001,"0,85%",16,June
CS3 MARMORES E GRANITOS LTDA,4309215.389999999,"0,78%",14,May
M.A ATACADO DE PECAS PNEUS E ACESSORIOS LTDA,4297852.949999999,"0,78%",6,January
CAJUGRAM IMPORTADORA E DISTRIBUIDORA LTDA,4215520.440000001,"0,76%",8,May
CAJUGRAM IMPORTADORA E DISTRIBUIDORA LTDA,4129780.5600000005,"0,75%",13,August
Macroex Comercial Importadora e Exportadora Ltda,4047977.7499999995,"0,73%",12,January
CS3 COMPANY IMP. EXP. LTDA,4025024.189999999,"0,73%",7,February
VIMINAS VIDROS ESPECIAIS LTDA,3999161.84,"0,72%",14,March
Macroex Comercial Importadora e Exportadora Ltda,3965753.8,"0,72%",13,March
NOBREDO COMERCIO E LOGISTICA LTDA,3946620.1,"0,71%",7,December
VIMINAS VIDROS ESPECIAIS LTDA,3937441.5,"0,71%",10,October
CAJUGRAM IMPORTADORA E DISTRIBUIDORA LTDA,3926261.98,"0,71%",16,July
VIMINAS VIDROS ESPECIAIS LTDA,3850822.16,"0,70%",11,May
CAJUGRAM IMPORTADORA E DISTRIBUIDORA LTDA,3784685.1800000006,"0,68%",13,September
AMERICANAS S.A.,3628500.2,"0,66%",6,August
CAJUGRAM IMPORTADORA E DISTRIBUIDORA LTDA,3599956.2400000007,"0,65%",8,January
SKYSTONE DO BRASIL LTDA,3567965.2100000004,"0,65%",7,February
AVANTI COMERCIAL EXPORTADORA S.A.,3438281,"0,62%",1,March
Macroex Comercial Importadora e Exportadora Ltda,3396643.8400000003,"0,61%",8,June
SKYSTONE DO BRASIL LTDA,3365945.4000000004,"0,61%",13,May
AMERICANAS S.A.,3296315.3100000005,"0,60%",8,November
CS3 MARMORES E GRANITOS LTDA,3217232.5900000012,"0,58%",8,July
CS3 COMPANY IMP. EXP. LTDA,3156019.8899999997,"0,57%",6,September
CS3 MARMORES E GRANITOS LTDA,3121876.4100000006,"0,56%",11,April
CS3 COMPANY IMP. EXP. LTDA,3099301.93,"0,56%",6,January
SKYSTONE DO BRASIL LTDA,3089820.67,"0,56%",7,March
KAMELL COMERCIO GLOBAL LTDA,3082732.6500000004,"0,56%",6,November
VIMINAS VIDROS ESPECIAIS LTDA,3042645.3700000006,"0,55%",4,November
CAJUGRAM IMPORTADORA E DISTRIBUIDORA LTDA,2999621.24,"0,54%",12,October
NOBREDO COMERCIO E LOGISTICA LTDA,2956310.11,"0,53%",8,February
M.A ATACADO DE PECAS PNEUS E ACESSORIOS LTDA,2950229.3999999994,"0,53%",6,August
CS3 COMPANY IMP. EXP. LTDA,2919122.33,"0,53%",6,October
VIMINAS VIDROS ESPECIAIS LTDA,2909420.5700000003,"0,53%",7,August
Macroex Comercial Importadora e Exportadora Ltda,2767907.2100000004,"0,50%",10,July
NOBREDO COMERCIO E LOGISTICA LTDA,2699112.37,"0,49%",7,May
SUMATEX PRODUTOS QUIMICOS LTDA,2682740.2499999995,"0,49%",5,April
CAJUGRAM IMPORTADORA E DISTRIBUIDORA LTDA,2637530.1799999997,"0,48%",5,February
CS3 COMPANY IMP. EXP. LTDA,2632498.690000001,"0,48%",8,August
M.A ATACADO DE PECAS PNEUS E ACESSORIOS LTDA,2631656.9699999997,"0,48%",3,July
SKYSTONE DO BRASIL LTDA,2624468.9599999995,"0,47%",5,October
BRAMAGRAN BRASILEIRO MARMORE E GRANITO LTDA,2584343.1,"0,47%",4,November
IKM TESTING BRASIL LTDA.,2583238.55,"0,47%",1,August
NOBREDO COMERCIO E LOGISTICA LTDA,2533710.68,"0,46%",6,August
AMT TRADING LTDA,2514086.0700000003,"0,45%",10,December
NOBREDO COMERCIO E LOGISTICA LTDA,2494020.97,"0,45%",8,November
M.A ATACADO DE PECAS PNEUS E ACESSORIOS LTDA,2391750.8899999997,"0,43%",4,September
VIMINAS VIDROS ESPECIAIS LTDA,2301631.11,"0,42%",6,February
AMERICANAS S.A.,2289746.61,"0,41%",4,September
CAJUGRAM IMPORTADORA E DISTRIBUIDORA LTDA,2222062.9600000004,"0,40%",7,December
VIMINAS VIDROS ESPECIAIS LTDA,2179524.88,"0,39%",5,January
COMARY INDÚSTRIA DE BEBIDAS LTDA,2150076.63,"0,39%",1,August
AMT TRADING LTDA,2148911.45,"0,39%",7,January
SKYSTONE DO BRASIL LTDA,2131703.4200000004,"0,39%",8,July
GRAMARCAL GRANITOS E MARMORES CACHOEIRO LTDA,2021775.0899999999,"0,37%",4,January
CS3 COMPANY IMP. EXP. LTDA,1982481.2099999997,"0,36%",7,December
CS3 MARMORES E GRANITOS LTDA,1960954.05,"0,35%",2,January
AMERICANAS S.A.,1915382.1800000002,"0,35%",5,December
AMT TRADING LTDA,1912499.2900000005,"0,35%",5,September
NOBREDO COMERCIO E LOGISTICA LTDA,1909768.7100000002,"0,35%",7,September
AMERICANAS S.A.,1900912.9300000002,"0,34%",7,October
AMERICANAS S.A.,1859537.9100000001,"0,34%",2,March
KAMELL COMERCIO GLOBAL LTDA,1852445.9000000004,"0,34%",8,June
CS3 COMPANY IMP. EXP. LTDA,1842751.0399999998,"0,33%",6,November
M.A ATACADO DE PECAS PNEUS E ACESSORIOS LTDA,1833970.9300000002,"0,33%",3,December
VIMINAS VIDROS ESPECIAIS LTDA,1774809.26,"0,32%",6,September
NOBREDO COMERCIO E LOGISTICA LTDA,1770214.25,"0,32%",7,July
CAJUGRAM IMPORTADORA E DISTRIBUIDORA LTDA,1758953.85,"0,32%",7,April
GRAMARCAL GRANITOS E MARMORES CACHOEIRO LTDA,1697265.56,"0,31%",3,December
Macroex Comercial Importadora e Exportadora Ltda,1697105.3200000003,"0,31%",5,February
VERMONT MINERACAO EXPORTACAO E IMPORTACAO LTDA ME,1665312.8,"0,30%",2,June
CAJUGRAM IMPORTADORA E DISTRIBUIDORA LTDA,1644066.35,"0,30%",5,March
VIMINAS VIDROS ESPECIAIS LTDA,1616637.0899999999,"0,29%",7,April
MAG BAN MARMORES E GRANITOS AQUIDABAN LTDA,1579787.37,"0,29%",1,January
OZA ROCHAS DO BRASIL LTDA,1565480.25,"0,28%",4,June
NOBREDO COMERCIO E LOGISTICA LTDA,1558810.64,"0,28%",6,October
CASTAS COMERCIO E IMPORTACAO DE BEBIDAS LTDA,1558383.7000000002,"0,28%",6,December
VERMONT MINERACAO EXPORTACAO E IMPORTACAO LTDA ME,1530523.6400000001,"0,28%",2,September
MEANI MARMORES E GRANITOS LTDA,1516595.47,"0,27%",1,March
KAMELL COMERCIO GLOBAL LTDA,1491519.75,"0,27%",5,October
SKYSTONE DO BRASIL LTDA,1470914.3499999999,"0,27%",2,January
DELLMAR TRANSPORTES LTDA,1362562.87,"0,25%",2,April
AMERICANAS S.A.,1321198.03,"0,24%",8,February
GRAMARCAL GRANITOS E MARMORES CACHOEIRO LTDA,1289381.6099999999,"0,23%",6,March
ITAICI COMERCIO DE PEDRAS LTDA,1259843.91,"0,23%",1,November
NOBREDO COMERCIO E LOGISTICA LTDA,1250152.9100000001,"0,23%",6,April
KAMELL COMERCIO GLOBAL LTDA,1243770.45,"0,23%",4,September
SUMATEX PRODUTOS QUIMICOS LTDA,1241243.8599999999,"0,22%",3,March
M.A ATACADO DE PECAS PNEUS E ACESSORIOS LTDA,1217230.75,"0,22%",4,February
PEDRAS DO BRASIL COMERCIO IMPORTACAO  E EXPORTACAO LTDA,1210617.93,"0,22%",1,March
PNR IMPORT COMERCIO DE BEBIDAS E ALIMENTOS FINOS LTDA,1193854.67,"0,22%",2,April
GRAMARCAL GRANITOS E MARMORES CACHOEIRO LTDA,1170445.36,"0,21%",3,July
MAG BAN MARMORES E GRANITOS AQUIDABAN LTDA,1164700.37,"0,21%",1,July
M.A ATACADO DE PECAS PNEUS E ACESSORIOS LTDA,1157023.96,"0,21%",4,October
MAG BAN MARMORES E GRANITOS AQUIDABAN LTDA,1153346.49,"0,21%",1,June
TURIMEX IMPORTACAO E EXPORTACAO LTDA,1151168.03,"0,21%",9,October
CS3 COMPANY IMP. EXP. LTDA,1137387.94,"0,21%",2,July
VIMINAS VIDROS ESPECIAIS LTDA,1124882.8,"0,20%",4,June
GRAMARCAL GRANITOS E MARMORES CACHOEIRO LTDA,1120895.3599999999,"0,20%",2,May
CHEZ FRANCE EXPORTACAO E IMPORTACAO S/A,1119243.01,"0,20%",2,October
"TDC - COMÉRCIO, IMPORTAÇÃO, EXPORTAÇÃO E REPRESENTAÇÃO LTDA.",1110973.9900000002,"0,20%",3,May
KAMELL COMERCIO GLOBAL LTDA,1107363.8399999999,"0,20%",4,March
AMT TRADING LTDA,1096504.9,"0,20%",5,November
AMT TRADING LTDA,1085992.93,"0,20%",3,May
PANAN - INDUSTRIA DE MADEIRAS E MOVEIS LTDA,1075966.58,"0,19%",1,March
E&S DISTRIBUIDORA DE PNEUS SA,1026933.81,"0,19%",1,November
CHEZ FRANCE EXPORTACAO E IMPORTACAO S/A,1026163.85,"0,19%",1,August
MR TRADING LTDA,1015605.46,"0,18%",3,October
OPUS IMPORTACAO E COMERCIO DE EQUIPAMENTOS PARA MINERACAO LTDA,992180.81,"0,18%",4,July
VIMINAS VIDROS ESPECIAIS LTDA,976954.6800000003,"0,18%",5,July
BOER DO BRASIL LTDA,974096,"0,18%",2,May
ZANEPAN COM. ATACADISTA DE GENEROS ALIMENTICIOS LTDA,971187.22,"0,18%",4,January
SABRINA BAIENSE SILVA - ME,964645.01,"0,17%",1,July
ALLONDA AMBIENTAL S.A.,963812.17,"0,17%",1,March
M.A ATACADO DE PECAS PNEUS E ACESSORIOS LTDA,947039.6600000001,"0,17%",2,March
PANORAMA MARMORES E GRANITOS LTDA,945279.22,"0,17%",8,September
AMT TRADING LTDA,936007.5799999998,"0,17%",4,August
CHEZ FRANCE EXPORTACAO E IMPORTACAO S/A,932980.22,"0,17%",2,July
AMT TRADING LTDA,929743.0700000002,"0,17%",4,June
SUMATEX PRODUTOS QUIMICOS LTDA,923258.5800000002,"0,17%",3,December
KGS ABRASIVOS E FERRAMENTAS DIAMANTADAS LTDA,921597.5800000001,"0,17%",2,July
VERMONT MINERACAO EXPORTACAO E IMPORTACAO LTDA ME,901261.78,"0,16%",3,August
KGS ABRASIVOS E FERRAMENTAS DIAMANTADAS LTDA,892269.65,"0,16%",2,April
SETE DISTRIBUIDORA DE INSUMOS E ROCHAS LTDA,890272.1900000001,"0,16%",3,November
AMT TRADING LTDA,884534.65,"0,16%",3,February
MARMI OROBICI DO BRASIL LTDA,879610.14,"0,16%",2,January
SANTO ANTONIO GRANITOS LTDA,876771.2,"0,16%",2,April
SKYSTONE DO BRASIL LTDA,873368.2100000001,"0,16%",5,June
ZANEPAN COM. ATACADISTA DE GENEROS ALIMENTICIOS LTDA,872707.8200000001,"0,16%",3,July
AMT TRADING LTDA,851999.4700000001,"0,15%",4,April
AMT TRADING LTDA,847332.13,"0,15%",5,July
VERMONT MINERACAO EXPORTACAO E IMPORTACAO LTDA ME,837585.4500000001,"0,15%",2,October
KGS ABRASIVOS E FERRAMENTAS DIAMANTADAS LTDA,829942.92,"0,15%",2,August
CARLOS AUGUSTO KOPPE FERNANDES & CIA LTDA,818575,"0,15%",3,October
OPUS IMPORTACAO E COMERCIO DE EQUIPAMENTOS PARA MINERACAO LTDA,818031.8600000001,"0,15%",2,November
DRC DO BRASIL COMERCIO DE RESINA LTDA,813064.13,"0,15%",1,January
CHEZ FRANCE EXPORTACAO E IMPORTACAO S/A,802975.59,"0,15%",1,April
NOBREDO COMERCIO E LOGISTICA LTDA,792595.08,"0,14%",3,June
"AGAPE DISTRIBUICAO, IMPORTACAO E EXPORTACAO DE MARMORES E GRANITOS LTD",785725.9500000002,"0,14%",2,February
JRP COMERCIO DE MATERIAIS ELETRICOS LTDA,778264.67,"0,14%",2,January
POLYCRON TEXTIL INDUSTRIAL LTDA,764273.8300000001,"0,14%",2,October
AVELAN MOVEIS LTDA,762845.9100000001,"0,14%",3,September
MEGA DIAMOND FERRAMENTAS E ABRASIVOS LTDA,762707.9700000001,"0,14%",3,September
KAMELL COMERCIO GLOBAL LTDA,756637.47,"0,14%",3,January
MR TRADING LTDA,749492.79,"0,14%",3,June
DELLMAR TRANSPORTES LTDA,742213.0900000001,"0,13%",1,October
"TDC - COMÉRCIO, IMPORTAÇÃO, EXPORTAÇÃO E REPRESENTAÇÃO LTDA.",735556.79,"0,13%",2,January
SUMATEX PRODUTOS QUIMICOS LTDA,724903.64,"0,13%",2,February
TRANSUICA LOCACAO E PRESTACAO DE SERVICOS LTDA.,723557.69,"0,13%",1,September
KAMELL COMERCIO GLOBAL LTDA,715582.1900000001,"0,13%",3,April
TURIMEX IMPORTACAO E EXPORTACAO LTDA,709876.3700000001,"0,13%",5,November
ALLONDA AMBIENTAL ENGENHARIA LTDA,708443.54,"0,13%",2,November
JAC PNEUS LTDA,706911.75,"0,13%",1,June
MASTER ALIMENTOS LTDA,705875.85,"0,13%",1,December
MR TRADING LTDA,693205,"0,13%",2,February
GRANITOS S A,692623.14,"0,13%",2,August
VERMONT MINERACAO EXPORTACAO E IMPORTACAO LTDA ME,684250.35,"0,12%",1,December
QUALITY CONSULTORIA AMBIENTAL LTDA,677322,"0,12%",1,December
DELLMAR TRANSPORTES LTDA,672125.8400000001,"0,12%",1,March
MASTER ALIMENTOS LTDA,671417.41,"0,12%",2,July
POLYCRON TEXTIL INDUSTRIAL LTDA,668301.3600000001,"0,12%",2,June
PANAN - INDUSTRIA DE MADEIRAS E MOVEIS LTDA,649167.98,"0,12%",1,June
KGS ABRASIVOS E FERRAMENTAS DIAMANTADAS LTDA,634141.95,"0,11%",2,January
KAMELL COMERCIO GLOBAL LTDA,632516.04,"0,11%",3,July
CASTAS COMERCIO E IMPORTACAO DE BEBIDAS LTDA,625829.99,"0,11%",2,July
OZA ROCHAS DO BRASIL LTDA,617328.79,"0,11%",2,October
DRC DO BRASIL COMERCIO DE RESINA LTDA,616327.16,"0,11%",1,August
ARMAZEM OFFSHORE COMERCIAL E IMPORTADORA LTDA,615885.6900000001,"0,11%",1,December
ZANEPAN COM. ATACADISTA DE GENEROS ALIMENTICIOS LTDA,602496.8300000001,"0,11%",3,February
AVELAN MOVEIS LTDA,595415.97,"0,11%",2,November
AMT TRADING LTDA,585029.7100000001,"0,11%",2,October
LULI DISTRIBUIDORA DE COSMETICOS LTDA,583548.4,"0,11%",1,July
MAGNITOS MAGNAGO GRANITOS LTDA,574977.15,"0,10%",2,June
THE WINE COMERCIO DIGITAL LTDA,574708.59,"0,10%",2,June
TURIMEX IMPORTACAO E EXPORTACAO LTDA,571468.24,"0,10%",4,September
"ITRAC - COMERCIO, IMPORTACAO, EXPORTACAO E DISTRIBUICAO LTDA",570795.88,"0,10%",2,January
LUMAXXY MATERIAIS ELETRICOS LTDA,567901.37,"0,10%",1,November
COMARY INDÚSTRIA DE BEBIDAS LTDA,551304.64,"0,10%",1,January
JPES COMERCIO ATACADISTA DE PECAS E ACESSORIOS LTDA,549409.71,"0,10%",1,May
TURIMEX IMPORTACAO E EXPORTACAO LTDA,546094.91,"0,10%",3,February
OPUS IMPORTACAO E COMERCIO DE EQUIPAMENTOS PARA MINERACAO LTDA,541345.64,"0,10%",2,August
UMI SAN SERVIÇOS DE APOIO A NAVEGAÇÃO E ENGENHARIA LTDA,537069.56,"0,10%",1,October
CHEZ FRANCE EXPORTACAO E IMPORTACAO S/A,533335.76,"0,10%",1,September
PS2 - COMERCIO E SERVICOS PARA TRATAMENTO DE EFLUENTES LTDA,525475.25,"0,10%",1,July
AMERICANAS S.A.,523024.3,"0,09%",2,May
OZA ROCHAS DO BRASIL LTDA,520900.97000000003,"0,09%",2,August
OPUS IMPORTACAO E COMERCIO DE EQUIPAMENTOS PARA MINERACAO LTDA,517736.68,"0,09%",3,February
NAUTICOLA INDUSTRIA E COMERCIO LTDA,516544.45,"0,09%",1,May
VERMONT MINERACAO EXPORTACAO E IMPORTACAO LTDA ME,509959.74,"0,09%",1,April
KAMELL COMERCIO GLOBAL LTDA,509126.91000000003,"0,09%",3,May
PS2 - COMERCIO E SERVICOS PARA TRATAMENTO DE EFLUENTES LTDA,504747.2,"0,09%",1,March
PANORAMA MARMORES E GRANITOS LTDA,504465.68000000005,"0,09%",3,August
OZA ROCHAS DO BRASIL LTDA,501433.32999999996,"0,09%",3,May
ALLONDA AMBIENTAL S.A.,496856.58,"0,09%",1,October
COMARY INDÚSTRIA DE BEBIDAS LTDA,494368.62,"0,09%",2,May
PANAN - INDUSTRIA DE MADEIRAS E MOVEIS LTDA,493785.2,"0,09%",1,January
KGS ABRASIVOS E FERRAMENTAS DIAMANTADAS LTDA,492285.04000000004,"0,09%",2,May
CHEZ FRANCE EXPORTACAO E IMPORTACAO S/A,492160.56,"0,09%",1,November
THE WINE COMERCIO DIGITAL LTDA,487244.88,"0,09%",3,December
GRAMARCAL GRANITOS E MARMORES CACHOEIRO LTDA,479186.65,"0,09%",2,September
MARMI OROBICI DO BRASIL LTDA,475140.49,"0,09%",2,December
DRC DO BRASIL COMERCIO DE RESINA LTDA,474794.42,"0,09%",2,September
NOBREDO COMÉRCIO E LOGÍSTICA LTDA,474242.04000000004,"0,09%",2,October
PANORAMA MARMORES E GRANITOS LTDA,472160.28,"0,09%",4,May
AMERICANAS S.A.,469271.08,"0,08%",2,July
CENTRO OESTE COMERCIO DE MAQUINAS DE MOVIMENTACAO LTDA,466294.2200000001,"0,08%",1,March
KAMELL COMERCIO GLOBAL LTDA,463019.45999999996,"0,08%",5,December
MR TRADING LTDA,462128.9,"0,08%",1,April
"WINES4U COMERCIO, IMPORTACAO E EXPORTACAO DE VINHOS LTDA",461369.57,"0,08%",1,April
OPUS IMPORTACAO E COMERCIO DE EQUIPAMENTOS PARA MINERACAO LTDA,458189.37000000005,"0,08%",3,May
OZA ROCHAS DO BRASIL LTDA,456500.14,"0,08%",1,April
SUMATEX PRODUTOS QUIMICOS LTDA,455579.04000000004,"0,08%",2,November
GRAMARCAL GRANITOS E MARMORES CACHOEIRO LTDA,455332.80000000005,"0,08%",3,February
AVELAN MOVEIS LTDA,451111.2,"0,08%",1,May
PANAN - INDUSTRIA DE MADEIRAS E MOVEIS LTDA,448234.76,"0,08%",1,April
MR TRADING LTDA,443184.37,"0,08%",1,September
MARBRASA NORTE MINERADORA LTDA,442435.75,"0,08%",1,August
COLINAS TRANSPORTES LTDA,438946.54000000004,"0,08%",1,August
SANTO ANTONIO GRANITOS LTDA,435129.26999999996,"0,08%",1,February
SANTO ANTONIO GRANITOS LTDA,434338.54000000004,"0,08%",1,August
SOMAR PECAS DIESEL LTDA,434168.38,"0,08%",1,March
JRP COMERCIO DE MATERIAIS ELETRICOS LTDA,431943.60000000003,"0,08%",1,September
PANAN - INDUSTRIA DE MADEIRAS E MOVEIS LTDA,431291.04000000004,"0,08%",2,December
CCM ENGENHARIA LTDA,427968.35000000003,"0,08%",1,April
ZANEPAN COM. ATACADISTA DE GENEROS ALIMENTICIOS LTDA,424225.11,"0,08%",2,September
SUMATEX PRODUTOS QUIMICOS LTDA,424071.30000000005,"0,08%",2,October
PANORAMA MARMORES E GRANITOS LTDA,420234.03,"0,08%",3,November
PANORAMA MARMORES E GRANITOS LTDA,416619.95000000007,"0,08%",2,March
CASTAS COMERCIO E IMPORTACAO DE BEBIDAS LTDA,414170.53,"0,07%",2,November
COMERCIAL L&A LTDA,412062.22000000003,"0,07%",1,January
SETE DISTRIBUIDORA DE INSUMOS E ROCHAS LTDA,409254.53,"0,07%",1,May
BRAMAGRAN BRASILEIRO MARMORE E GRANITO LTDA,408418.85,"0,07%",1,October
M A TRANSPORTES LTDA ME,405334.35000000003,"0,07%",1,April
TUBOARTE INDUSTRIA E COMERCIO LTDA,404257.05000000005,"0,07%",1,November
SV TRANSPORTES E LOGISTICA LTDA,402955.56,"0,07%",1,April
SANTO ANTONIO GRANITOS LTDA,402219.89,"0,07%",1,July
OZA ROCHAS DO BRASIL LTDA,401040.7,"0,07%",2,November
TRANSUIÇA LOCAÇÃO E PRESTAÇÃO DE SERVIÇO LTDA,399805,"0,07%",1,April
SANTA RITA INDUSTRIA E COMERCIO DE ABRASIVOS LTDA,399429.38,"0,07%",1,November
COMERCIAL L&A LTDA,392252.81,"0,07%",1,April
GRAMARCAL GRANITOS E MARMORES CACHOEIRO LTDA,391138.57000000007,"0,07%",3,June
KGS ABRASIVOS E FERRAMENTAS DIAMANTADAS LTDA,385038.28,"0,07%",1,October
COMERCIAL L&AH LTDA,382070.66000000003,"0,07%",1,August
"LOCASIM COMERCIO, INDUSTRIA E LOCACAO DE MAQUINAS LTDA",380723.16,"0,07%",1,February
PANORAMA MARMORES E GRANITOS LTDA,380085.76,"0,07%",3,December
DALEGRIA INDUSTRIA DE COSMETICOS LTDA,379616.74,"0,07%",1,July
GRANILUXI IND. E COMERCIO DE MARMORES E GRANITOS LTDA.,377740.85,"0,07%",2,October
SETE DISTRIBUIDORA DE INSUMOS E ROCHAS LTDA,377144.07,"0,07%",2,June
POLYCRON TEXTIL INDUSTRIAL LTDA,375713.91000000003,"0,07%",1,January
"TDC - COMÉRCIO, IMPORTAÇÃO, EXPORTAÇÃO E REPRESENTAÇÃO LTDA.",375360.22000000003,"0,07%",1,September
COMERCIAL L&AH LTDA,373913.27,"0,07%",1,June
COMPANHIA M. FRIES,373498.12,"0,07%",1,November
XANDAO LOG LTDA,371866.99,"0,07%",1,January
GRANITOS S A,368818.64,"0,07%",1,November
DELLMAR TRANSPORTES LTDA,368426.73,"0,07%",1,February
JEVIN COMERCIO E SERVICOS LTDA,368105.5,"0,07%",3,May
POLYCRON TEXTIL INDUSTRIAL LTDA,366102.65,"0,07%",1,March
JAC PNEUS LTDA,365973.07,"0,07%",1,January
COMERCIAL L&A LTDA,365847.84,"0,07%",1,November
COMARY INDÚSTRIA DE BEBIDAS LTDA,363629.88,"0,07%",1,April
POLYCRON TEXTIL INDUSTRIAL LTDA,363287.69,"0,07%",1,April
OZA ROCHAS DO BRASIL LTDA,362537.81,"0,07%",2,September
ZANEPAN COM. ATACADISTA DE GENEROS ALIMENTICIOS LTDA,360678.71,"0,07%",2,November
POLYCRON TEXTIL INDUSTRIAL LTDA,360359.97000000003,"0,07%",1,May
SUMATEX PRODUTOS QUIMICOS LTDA,359297.39,"0,07%",1,January
TURIMEX IMPORTACAO E EXPORTACAO LTDA,359216.76,"0,06%",3,December
GRANITOS S A,356233.32,"0,06%",1,June
S2A MINERACAO LTDA,354791.85000000003,"0,06%",1,October
POLYCRON TEXTIL INDUSTRIAL LTDA,349545.39,"0,06%",1,July
POLYCRON TEXTIL INDUSTRIAL LTDA,347892.19,"0,06%",1,September
DELLMAR TRANSPORTES LTDA,347063.02,"0,06%",1,September
GRAMARCAL GRANITOS E MARMORES CACHOEIRO LTDA,344375.72,"0,06%",2,November
ZANEPAN COM. ATACADISTA DE GENEROS ALIMENTICIOS LTDA,344244.67000000004,"0,06%",2,October
MR TRADING LTDA,343687.36,"0,06%",1,August
SANTO ANTONIO GRANITOS LTDA,343627.76,"0,06%",1,September
MARBRASA NORTE MINERADORA LTDA,343447.33,"0,06%",1,January
GRANITOS S A,343384.08,"0,06%",1,July
IRMÃOS PACIFICO COMERCIO ATACADISTA DE AR CONDICIONADO LTDA,339758.39999999997,"0,06%",1,May
M.A ATACADO DE PECAS PNEUS E ACESSORIOS LTDA,338778.47000000003,"0,06%",1,June
PAZIGRAM PAZINI GRANITOS E MARMORES LTDA,338432.12,"0,06%",1,May
POLYCRON TEXTIL INDUSTRIAL LTDA,338173.65,"0,06%",1,December
"AGAPE DISTRIBUICAO, IMPORTACAO E EXPORTACAO DE MARMORES E GRANITOS LTD",337381.51,"0,06%",2,January
GRANITOS S A,335458.11,"0,06%",1,October
CASTELAO COMERCIO DE PECAS LTDA,335045.42,"0,06%",3,November
LUMAXXY MATERIAIS ELETRICOS LTDA,334257.25,"0,06%",1,January
GRANITOS SANTOS DUMONT LTDA EPP,331224.93,"0,06%",1,September
MARMORARIA CAMPO NOVO LTDA,330784,"0,06%",1,June
ITAMARATI AUTOMOTIVA LTDA,330384.15,"0,06%",1,February
BOTANICO MARMORARIA LTDA,329746.14,"0,06%",1,March
"AGAPE DISTRIBUICAO, IMPORTACAO E EXPORTACAO DE MARMORES E GRANITOS LTD",328858.05000000005,"0,06%",1,June
TRANSUIÇA LOCAÇÃO E PRESTAÇÃO DE SERVIÇO LTDA,325407.31,"0,06%",1,March
NETO PNEUS,321520.95,"0,06%",1,July
A.C.P. INDUSTRIA DE MOVEIS LTDA,319922.61,"0,06%",2,November
JVS MARMORES E GRANITOS LTDA,319248.20999999996,"0,06%",2,October
BRUMAGRAN PEDRAS ORNAMENTAIS LTDA,317368.85,"0,06%",1,November
S L WEBER SERVICOS EPP,317197.86,"0,06%",1,August
MINERACAO CAFE LTDA,316874.57,"0,06%",1,December
TRANSPORTES POLONI LTDA,315121.31,"0,06%",1,April
IKM TESTING BRASIL LTDA.,314119.06,"0,06%",2,October
TURIMEX IMPORTACAO E EXPORTACAO LTDA,313672.12,"0,06%",2,July
PHT TRANSPORTES LTDA,313157.52,"0,06%",1,March
E. P. DE OLIVEIRA - VEDACAO E FIXACAO EIRELI EPP,312808.45,"0,06%",1,August
TURIMEX IMPORTACAO E EXPORTACAO LTDA,312245.38,"0,06%",3,April
"AGAPE DISTRIBUICAO, IMPORTACAO E EXPORTACAO DE MARMORES E GRANITOS LTD",311126.33999999997,"0,06%",1,December
FILOFORT UTENSILI DIAMANTATI PER MARMO E GRANITO LTDA,309886.92,"0,06%",1,December
M.A ATACADO DE PECAS PNEUS E ACESSORIOS LTDA,308419.35000000003,"0,06%",1,April
SUMATEX PRODUTOS QUIMICOS LTDA,304789,"0,06%",1,June
REAL WM MARMORARIA LTDA,301942.11,"0,05%",1,June
PANORAMA COMERCIO DE MARMORES E GRANITOS LTDA,300670.64,"0,05%",1,August
BIONATURAL INDUSTRIA LTDA,300501.69,"0,05%",1,December
PANORAMA MARMORES E GRANITOS LTDA,297665.12,"0,05%",3,July
KAMELL COMERCIO GLOBAL LTDA,296834.42000000004,"0,05%",3,August
PS2 - COMERCIO E SERVICOS PARA TRATAMENTO DE EFLUENTES LTDA,296052.89,"0,05%",2,June
CS3 COMPANY IMP. EXP. LTDA,293848.26,"0,05%",1,March
A.C.P. INDUSTRIA DE MOVEIS LTDA,293256.21,"0,05%",2,July
AVELAN MOVEIS LTDA,291614.89,"0,05%",1,October
PANORAMA MARMORES E GRANITOS LTDA,290086.18,"0,05%",2,June
JVS MARMORES E GRANITOS LTDA,287935.07,"0,05%",1,July
TURIMEX IMPORTACAO E EXPORTACAO LTDA,284705.49,"0,05%",2,August
"BRETON DO BRASIL COMERCIO, IMPORTACAO E EXPORTACAO LTDA",284383.67000000004,"0,05%",2,August
MR TRADING LTDA,283667.16000000003,"0,05%",2,January
ROTEC EQUIPAMENTOS INDUSTRIAIS LTDA,280571.64,"0,05%",1,October
SW ADESIVOS E REVESTIMENTOS ANTICORROSIVOS LTDA,278027.58,"0,05%",4,August
DECOLORES MARMORES E GRANITOS DO BRASIL LTDA,277153.64,"0,05%",1,January
DECOLORES MARMORES E GRANITOS DO BRASIL LTDA,276494.16000000003,"0,05%",1,May
BRAMAGRAN BRASILEIRO MARMORE E GRANITO LTDA,276217.34,"0,05%",1,May
"BRETON DO BRASIL COMERCIO, IMPORTACAO E EXPORTACAO LTDA",276100.08,"0,05%",1,November
TROPICAL & MAGIC DISTRIBUIDORA DE ALIMENTOS E BEBIDAS LTDA,275839.24,"0,05%",1,February
SKYSTONE DO BRASIL LTDA,275443.42000000004,"0,05%",3,April
MASTER ALIMENTOS LTDA,274002.66000000003,"0,05%",1,November
BRUMAGRAN PEDRAS ORNAMENTAIS LTDA,273898.53,"0,05%",1,January
"TDC - COMÉRCIO, IMPORTAÇÃO, EXPORTAÇÃO E REPRESENTAÇÃO LTDA.",273416.73,"0,05%",1,April
S.M.H. INDÚSTRIA E COMÉRCIO EXPORTADORA DE ROCHAS ORNAMENTAIS LTDA,271302.07,"0,05%",1,July
SANTO ANTONIO GRANITOS LTDA,270877.75,"0,05%",1,June
TRANSPORTES SARZEDO LTDA,270637.89,"0,05%",1,August
SERRANALOG TRANSPORTES LTDA,269413.01,"0,05%",1,November
ZANEPAN COM. ATACADISTA DE GENEROS ALIMENTICIOS LTDA,269300.46,"0,05%",1,June
M A TRANSPORTES LTDA ME,268255.53,"0,05%",1,December
CASTELAO COMERCIO DE PECAS LTDA,265011.67,"0,05%",1,June
ALLPRIME PUMPS EQUIPAMENTOS MECANICOS LTDA.,262344.77,"0,05%",1,December
K2 DISTRIBUIDORA E COMERCIO DE ALIMENTOS LTDA,261119.05000000002,"0,05%",1,March
OLIVEIRA MATERIAIS DE VEDACAO LTDA EPP,258896.81,"0,05%",1,January
ROTEC EQUIPAMENTOS INDUSTRIAIS LTDA,256951.91,"0,05%",1,December
ROTEC EQUIPAMENTOS INDUSTRIAIS LTDA,255805.52000000002,"0,05%",2,March
SW ADESIVOS E REVESTIMENTOS ANTICORROSIVOS LTDA,255784.15,"0,05%",4,October
DRC DO BRASIL COMERCIO DE RESINA LTDA,255705.92,"0,05%",1,June
"BRETON DO BRASIL COMERCIO, IMPORTACAO E EXPORTACAO LTDA",255316,"0,05%",2,January
BRUMAGRAN PEDRAS ORNAMENTAIS LTDA,254959.8,"0,05%",1,April
JH ITALIA COMÉRCIO DE ALIMENTOS LTDA,252746.7,"0,05%",1,January
COMARY INDÚSTRIA DE BEBIDAS LTDA,250981.72,"0,05%",1,November
CAMAR CAMARAO MARICULTURA LTDA,250478.62,"0,05%",1,November
CASTAS COMERCIO E IMPORTACAO DE BEBIDAS LTDA,249803.08000000002,"0,05%",1,September
SW ADESIVOS E REVESTIMENTOS ANTICORROSIVOS LTDA,249006.96000000002,"0,05%",2,May
INDUSTRIA DE MOVEIS RIODOCE LTDA,248452.54,"0,04%",1,February
PROTEUS EMBALAGENS - LTDA,248267.66,"0,04%",1,May
MR TRADING LTDA,247338.1,"0,04%",1,November
MARMI OROBICI DO BRASIL LTDA,244225.74,"0,04%",2,April
COSTA GRANITOS LTDA,243332.21,"0,04%",1,August
OZA ROCHAS DO BRASIL LTDA,239999.42,"0,04%",1,January
ALBAMEZ INDUSTRIA DE PRODUTOS DE LIMPEZA LTDA,239926.92,"0,04%",1,August
CIMOL - COMERCIO E INDUSTRIA DE MOVEIS LTDA,239895.86000000002,"0,04%",1,August
BRUMAGRAN PEDRAS ORNAMENTAIS LTDA,236654.19,"0,04%",1,September
A.C.P. INDUSTRIA DE MOVEIS LTDA,236319.03,"0,04%",1,February
DECOLORES MARMORES E GRANITOS DO BRASIL LTDA,235553.99,"0,04%",1,August
AVANTI COMERCIAL EXPORTADORA S.A.,233620.81,"0,04%",2,September
AURORA HOME RESORT SPE LTDA,233499.49,"0,04%",1,March
AVELAN MOVEIS LTDA,231315.47,"0,04%",1,June
PANAN - INDUSTRIA DE MADEIRAS E MOVEIS LTDA,228511.46,"0,04%",1,February
NOBREDO COMÉRCIO E LOGÍSTICA LTDA,227282.42,"0,04%",1,September
SETE DISTRIBUIDORA DE INSUMOS E ROCHAS LTDA,226128.75,"0,04%",1,January
AQUARELA SILK & SIGN COMERCIO E IMPORTACAO LTDA,225892.75,"0,04%",1,July
THE WINE COMERCIO DIGITAL LTDA,219654.96,"0,04%",1,April
COMARY INDÚSTRIA DE BEBIDAS LTDA,218602.87,"0,04%",1,December
MP COMERCIO DE MAQUINAS E ABRASIVOS LTDA,218377.17,"0,04%",2,October
ARMAZEM OFFSHORE COMERCIAL E IMPORTADORA LTDA,218334.22,"0,04%",1,April
COMARY INDÚSTRIA DE BEBIDAS LTDA,217615.41,"0,04%",1,September
IKM SUBSEA BRASIL LTDA,215345.74,"0,04%",3,March
AMERICANAS S.A.,214669.18000000002,"0,04%",2,June
MEKI STONES COMERCIO LTDA,213171.5,"0,04%",2,April
TUBOARTE INDUSTRIA E COMERCIO LTDA,213081.97,"0,04%",1,March
"WINES4U COMERCIO, IMPORTACAO E EXPORTACAO DE VINHOS LTDA",212577.22,"0,04%",1,March
SEVEN COMERCIO DE MARMORES E GRANITOS LTDA EPP,212427.67,"0,04%",2,January
OPUS IMPORTACAO E COMERCIO DE EQUIPAMENTOS PARA MINERACAO LTDA,212104.62,"0,04%",1,March
SIMEC DO BRASIL COMERCIAL LTDA,211477.85,"0,04%",1,October
AMERICANAS S.A.,208435.46000000002,"0,04%",2,January
TDI BRASIL REPRESENTACOES E COMERCIO LTDA,208378.69,"0,04%",1,March
EDUARDO FARIAS TORRES,205003.85,"0,04%",1,August
KIKO TECNOLOGIA AGRICOLA LTDA,203413.96,"0,04%",2,June
TANTO QUANTO REVESTIMENTOS E ACABAMENTOS LTDA,203308.57,"0,04%",1,November
GRANILUXI IND. E COMERCIO DE MARMORES E GRANITOS LTDA.,202344.33000000002,"0,04%",1,June
SETE DISTRIBUIDORA DE INSUMOS E ROCHAS LTDA,201980.03,"0,04%",1,August
AVELAN MOVEIS LTDA,201553.43,"0,04%",1,March
"BRETON DO BRASIL COMERCIO, IMPORTACAO E EXPORTACAO LTDA",199401.43000000002,"0,04%",2,May
SETE DISTRIBUIDORA DE INSUMOS E ROCHAS LTDA,197750.22999999998,"0,04%",2,July
MILAO RODAS LTDA,197318.95,"0,04%",1,March
LEIFIL MOVEIS LTDA,196955.07,"0,04%",1,October
MG2 MARMORES E GRANITOS LTDA,195836.66999999998,"0,04%",2,September
MATOS MOVEIS PLANEJADOS LTDA,195241.41,"0,04%",1,November
MASTER ALIMENTOS LTDA,195100.29,"0,04%",1,May
JH ITALIA COMÉRCIO DE ALIMENTOS LTDA,193438.92,"0,03%",1,September
GRANSAL GRANITOS ARACRUZ LTDA,193101.19,"0,03%",2,March
"FM CASUAL COSMETICOS COMERCIO, DISTRIBUICAO, IMPORTACAO E EXPORTACAO L",193044.38,"0,03%",1,July
ALIANCA GRANITOS LTDA.,192876.23,"0,03%",2,August
PANORAMA COMERCIO DE MARMORES E GRANITOS LTDA,192527.07,"0,03%",1,March
SANTO ANTONIO GRANITOS LTDA,192012.59,"0,03%",1,January
A.C.P. INDUSTRIA DE MOVEIS LTDA,191865.33000000002,"0,03%",1,June
PANORAMA MARMORES E GRANITOS LTDA,191211.43,"0,03%",2,April
JRP COMERCIO DE MATERIAIS ELETRICOS LTDA,190433.49,"0,03%",1,August
SETE DISTRIBUIDORA DE INSUMOS E ROCHAS LTDA,188715.25000000003,"0,03%",1,March
ARMAZEM OFFSHORE COMERCIAL E IMPORTADORA LTDA,188104.48,"0,03%",1,August
CS3 COMPANY IMP. EXP. LTDA,187731.51,"0,03%",1,June
CASA DO MARMORE LTDA,187211.22,"0,03%",2,May
CAJUGRAM GRANITOS E MARMORES DO BRASIL LTDA,186176.7,"0,03%",1,February
ROTEC EQUIPAMENTOS INDUSTRIAIS LTDA,185612.66,"0,03%",3,April
MASTER ALIMENTOS LTDA,185347.98,"0,03%",1,October
ZANEPAN COM. ATACADISTA DE GENEROS ALIMENTICIOS LTDA,184366.65,"0,03%",1,May
PS2 - COMERCIO E SERVICOS PARA TRATAMENTO DE EFLUENTES LTDA,183369.41,"0,03%",1,November
CARLOS AUGUSTO KOPPE FERNANDES & CIA LTDA,182668.23,"0,03%",1,February
THE WINE COMERCIO DIGITAL LTDA,182259.56,"0,03%",1,March
JOAO FERREIRA DE LACERDA MARMORE,181523.99,"0,03%",1,September
"AGAPE DISTRIBUICAO, IMPORTACAO E EXPORTACAO DE MARMORES E GRANITOS LTD",181247.38,"0,03%",1,March
CENTROGRAN GRANITOS CENTRO OESTE LTDA,180265.71,"0,03%",1,January
MT GRANITOS LTDA,180255.21000000002,"0,03%",1,May
FLEXO COMERCIAL LTDA,178818.41999999998,"0,03%",2,February
MEKI STONES COMERCIO LTDA,178047.04,"0,03%",2,July
SANTO ANTONIO GRANITOS LTDA,177854.03,"0,03%",1,December
MARBRASA NORTE MINERADORA LTDA,174140.84,"0,03%",1,June
GRANILUXI IND. E COMERCIO DE MARMORES E GRANITOS LTDA.,173896.25,"0,03%",1,December
"BRETON DO BRASIL COMERCIO, IMPORTACAO E EXPORTACAO LTDA",172852.76,"0,03%",2,April
CARLOS AUGUSTO KOPPE FERNANDES & CIA LTDA,172795.07,"0,03%",1,December
"AGAPE DISTRIBUICAO, IMPORTACAO E EXPORTACAO DE MARMORES E GRANITOS LTD",172672.13,"0,03%",1,April
CARLOS AUGUSTO KOPPE FERNANDES & CIA LTDA,172595.6,"0,03%",1,March
MARBRASA MARMORES E GRANITOS DO BRASIL S.A,172396.19,"0,03%",2,November
FLYSTONE - MARMORES E GRANITOS LTDA,170612.88,"0,03%",1,June
CENTROGRAN GRANITOS CENTRO OESTE LTDA,170185.88,"0,03%",1,June
CENTROGRAN GRANITOS CENTRO OESTE LTDA,169323.2,"0,03%",1,November
CENTROGRAN GRANITOS CENTRO OESTE LTDA,168691.58000000002,"0,03%",1,August
PANORAMA MARMORES E GRANITOS LTDA,167941.54,"0,03%",1,February
MARMORARIA K-LU LTDA,167560.07,"0,03%",1,August
MARMI OROBICI DO BRASIL LTDA,167321.17,"0,03%",1,November
"AGAPE DISTRIBUICAO, IMPORTACAO E EXPORTACAO DE MARMORES E GRANITOS LTD",167183.45,"0,03%",1,May
ROTEC EQUIPAMENTOS INDUSTRIAIS LTDA,165945.01,"0,03%",2,September
NAINE INDUSTRIA E TRANSPORTES LTDA,165373.71,"0,03%",1,June
CARLOS AUGUSTO KOPPE FERNANDES & CIA LTDA,163404.87,"0,03%",1,April
CENTROGRAN GRANITOS CENTRO OESTE LTDA,163178.71,"0,03%",1,September
CARLOS AUGUSTO KOPPE FERNANDES & CIA LTDA,162921.91,"0,03%",1,May
EDGRAN MARMORES E GRANITOS LTDA,161918.25,"0,03%",1,July
POLICAST MARMORES E GRANITOS LTDA,160748.43,"0,03%",1,June
LEANDRO DA SILVA MOTA,160576.63,"0,03%",1,July
OPUS IMPORTACAO E COMERCIO DE EQUIPAMENTOS PARA MINERACAO LTDA,160451.58000000002,"0,03%",2,April
A.R.L.P STONE LTDA,160390.99,"0,03%",1,September
MARMORARIA K-LU LTDA,159275.91,"0,03%",1,September
OLIVEIRA IND. E COM. DE RETENTORES LTDA,158572.32,"0,03%",1,August
MG ATELIE LTDA,158411.71,"0,03%",1,September
ELAINE CRISTINA CANDIDO DO NASCIMENTO LTDA,157840.52,"0,03%",1,May
FERGRAN COMERCIO DE MARMORES E GRANITOS LTDA,157222.94,"0,03%",1,September
TROPICAL STONE GRANITOS LTDA,156363.11000000002,"0,03%",1,May
ROTEC EQUIPAMENTOS INDUSTRIAIS LTDA,154675.77,"0,03%",2,May
VILA VITORIA MERCANTIL DO BRASIL LTDA,154629.72,"0,03%",1,June
TOP COMERCIO DE MARMORES E GRANITOS LTDA,154400.46,"0,03%",1,May
OZA ROCHAS DO BRASIL LTDA,154332.18,"0,03%",1,March
"AGAPE DISTRIBUICAO, IMPORTACAO E EXPORTACAO DE MARMORES E GRANITOS LTD",153893.19,"0,03%",1,October
MERC DIESEL DISTRIBUIDORA DE PECAS LTDA,153149.29,"0,03%",1,April
PROTEUS EMBALAGENS - LTDA,152986.4,"0,03%",1,October
CD IMPORTADORA LTDA,152888.88,"0,03%",1,January
ATLAS MARMORES LTDA,152742.37,"0,03%",1,November
AREA COMERCIO E INDUSTRIA DE PEDRAS LTDA,152661.59999999998,"0,03%",1,September
ROBLE COMERCIAL LTDA,151894.86000000002,"0,03%",1,January
"AGAPE DISTRIBUICAO, IMPORTACAO E EXPORTACAO DE MARMORES E GRANITOS LTD",151731.77,"0,03%",1,August
GRANILUXI IND. E COMERCIO DE MARMORES E GRANITOS LTDA.,151434.91,"0,03%",1,April
GRANITOS ROMA LTDA EPP,149824.1,"0,03%",1,August
BRAMAGRAN BRASILEIRO MARMORE E GRANITO LTDA,149762.80000000002,"0,03%",1,September
FLYSTONE - MARMORES E GRANITOS LTDA,146017.57,"0,03%",1,September
ARMAZEM OFFSHORE COMERCIAL E IMPORTADORA LTDA,145213.95,"0,03%",1,November
UNIMARMORE UNIDADE INDUSTRIAL DE MARMORE LTDA,144295.49,"0,03%",1,June
SANTIAGO VINHOS COMERCIAL LTDA,143796.91,"0,03%",3,April
NATURALE GRANITOS E MARMORES LTDA,142912.23,"0,03%",1,April
THE WINE COMERCIO DIGITAL LTDA,142031.35,"0,03%",1,October
ROBLE COMERCIAL LTDA,141852.2,"0,03%",1,October
SUNMIGTH INDUSTRIA COMERCIO EXPORTACAO LTDA,141398.28,"0,03%",2,February
NATURALE GRANITOS E MARMORES LTDA,141158.29,"0,03%",1,May
BARTO EQUIPAMENTOS PARA EMPRESAS LTDA,140333.9,"0,03%",1,August
TURIMEX IMPORTACAO E EXPORTACAO LTDA,139706.52,"0,03%",1,June
"DISMAPRI COMERCIO, IMPORTACAO E EXPORTACAO LTDA",138921.92,"0,03%",1,February
SUNMIGTH INDUSTRIA COMERCIO EXPORTACAO LTDA,137209.71,"0,02%",3,December
QUALITY CONSTRUTORA E INCORPORADORA LTDA EPP,136996.08000000002,"0,02%",1,December
GRAMARCAL GRANITOS E MARMORES CACHOEIRO LTDA,136725.73,"0,02%",1,October
AMEX GRANITOSLTDA,135746.66,"0,02%",1,November
SKYSTONE DO BRASIL LTDA,135459.33000000002,"0,02%",3,August
"INDICOM IMPORTACAO, DISTRIBUICAO E COMERCIO LTDA",134425.13,"0,02%",1,October
ASAFE PRESENTES LTDA,131776.06,"0,02%",1,July
ARMAZEM OFFSHORE COMERCIAL E IMPORTADORA LTDA,131391.32,"0,02%",1,June
J&F MARMORES GRANITOS E IMPORTADOS LTDA,129610.17,"0,02%",1,February
VERONA DISTRIBUIDORA DE MARMORES E GRANITOS LTDA ME,127596.67,"0,02%",1,September
BRASLAB PRODUTOS OTICOS EIRELI,127009.87999999998,"0,02%",4,July
S.R. COMERCIO DE OCULOS LTDA,126549.53,"0,02%",2,May
"WINES4U COMERCIO, IMPORTACAO E EXPORTACAO DE VINHOS LTDA",126282.25,"0,02%",3,August
IRMÃOS PACIFICO COMERCIO ATACADISTA DE AR CONDICIONADO LTDA,126103.43000000001,"0,02%",1,August
CD IMPORTADORA LTDA,125835.14,"0,02%",1,August
BEST TRADE IMPORTACAO E EXPORTACAO LTDA,125829.9,"0,02%",2,November
S.R. COMERCIO DE OCULOS LTDA,125738.74,"0,02%",2,August
ROBLE COMERCIAL LTDA,125416.92,"0,02%",1,June
MINING CONSULTING AND TRAINING LTDA,125309.87,"0,02%",1,August
LEANDRO DA SILVA MOTA,125166.44,"0,02%",1,June
BRUMAGRAN PEDRAS ORNAMENTAIS LTDA,125068.91,"0,02%",1,October
"BRETON DO BRASIL COMERCIO, IMPORTACAO E EXPORTACAO LTDA",123385.56,"0,02%",1,July
"INDICOM IMPORTACAO, DISTRIBUICAO E COMERCIO LTDA",123183.32,"0,02%",1,February
SEVEN COMERCIO DE MARMORES E GRANITOS LTDA EPP,122196.18000000001,"0,02%",1,February
"BRETON DO BRASIL COMERCIO, IMPORTACAO E EXPORTACAO LTDA",121649.81,"0,02%",1,February
MARINNER DO BRASIL PESCA LTDA,120410.32,"0,02%",1,July
DUETTO SERVICOS DE MARMORES & GRANITOS LTDA,119039.37,"0,02%",1,July
BEST TRADE IMPORTACAO E EXPORTACAO LTDA,118331.3,"0,02%",1,October
Z - LION BRASIL ARTIGOS PARA MARMORARIA LTDA,117293.98,"0,02%",1,May
REINALDO BELLI PIMENTA OTICA LTDA,116992.27,"0,02%",2,May
MARMI OROBICI DO BRASIL LTDA,116100.61,"0,02%",1,May
MINERACAO VULCANO LTDA,115591.42,"0,02%",1,November
JEVIN COMERCIO E SERVICOS LTDA,115553.64,"0,02%",2,April
VERONA DISTRIBUIDORA DE MARMORES E GRANITOS LTDA ME,115264.52,"0,02%",1,August
MEGA DIAMOND FERRAMENTAS E ABRASIVOS LTDA,114879.93000000001,"0,02%",1,January
MR TRADING LTDA,114735.92,"0,02%",1,July
MERC DIESEL DISTRIBUIDORA DE PECAS LTDA,114103.67000000001,"0,02%",1,December
ARMAZEM OFFSHORE COMERCIAL E IMPORTADORA LTDA,113893.17,"0,02%",1,October
DYNAMIS MATERIAIS LTDA,113471.16,"0,02%",1,November
G.R.D. GRANITOS RIO DOCE LTDA,112300.05,"0,02%",1,June
DO PORTO FRIGORIFICO LTDA,112087.16,"0,02%",1,March
IKM SUBSEA BRASIL LTDA,111685.28,"0,02%",1,October
EMBALEV IND DE EMBALAGENS LTDA,110801.46,"0,02%",1,December
IB NDT SERVICOS DE INSPECAO E COMERCIO S/A,110297.63,"0,02%",1,August
AREA COMERCIO E INDUSTRIA DE PEDRAS LTDA,110191.90000000001,"0,02%",1,November
CASA DO MARMORE LTDA,110037.61,"0,02%",1,September
SEVEN COMERCIO DE MARMORES E GRANITOS LTDA EPP,109644.52,"0,02%",1,May
BRUMAGRAN PEDRAS ORNAMENTAIS LTDA,109250.66,"0,02%",1,May
CENTROGRAN GRANITOS CENTRO OESTE LTDA,108699.37,"0,02%",1,February
KUSAMA BRANDING DISTRIBUIDORA LTDA,107550.87,"0,02%",1,December
MARBRASA NORTE MINERADORA LTDA,107114.58,"0,02%",1,February
NOVO IMPERIO MARMORES E GRANITOS LTDA,106024.02,"0,02%",1,September
TROPICAL STONE GRANITOS LTDA,105832.6,"0,02%",1,April
CASA DO MARMORE LTDA,105784.12,"0,02%",1,January
KIKO TECNOLOGIA AGRICOLA LTDA,105713.34,"0,02%",1,February
CASTELAO COMERCIO DE PECAS LTDA,105607.13,"0,02%",1,August
AMT TRADING LTDA,105494.23,"0,02%",1,March
IKM SUBSEA BRASIL LTDA,103300.42,"0,02%",1,May
SUNMIGTH INDUSTRIA COMERCIO EXPORTACAO LTDA,103085.89,"0,02%",1,May
AVEX GRANITOS E MARMORES LTDA - EPP,102843.21,"0,02%",2,December
MEKI STONES COMERCIO LTDA,101518.05,"0,02%",1,February
ZARUC TECNOLOGIA LTDA,100872.64,"0,02%",1,December
MINING CONSULTING AND TRAINING LTDA,100355.77,"0,02%",1,June
MARBRASA NORTE MINERADORA LTDA,99626.31,"0,02%",1,May
MEKI STONES COMERCIO LTDA,99520.29000000001,"0,02%",1,January
COLATINA MARMORES E GRANITOS LTDA,99204.14,"0,02%",1,April
SW ADESIVOS E REVESTIMENTOS ANTICORROSIVOS LTDA,99055.03,"0,02%",2,July
ZANEPAN COM. ATACADISTA DE GENEROS ALIMENTICIOS LTDA,98998.3,"0,02%",1,March
MEKI STONES COMERCIO LTDA,98808.53,"0,02%",1,September
POLIROCHAS EXPORT LTDA,98692.91,"0,02%",1,September
PANORAMA COMERCIO DE MARMORES E GRANITOS LTDA,97919.74,"0,02%",1,October
ARMAZEM OFFSHORE COMERCIAL E IMPORTADORA LTDA,97346.24,"0,02%",2,March
SIMEC DO BRASIL COMERCIAL LTDA,96924.82,"0,02%",1,April
PEMAGRAN PEDRAS MARMORES E GRANITOS LTDA,96921.02,"0,02%",1,June
MATAVELLI GRANITOS LTDA,96696.24,"0,02%",1,June
GP GRANITOS PIGATI LTDA EPP,96348.89,"0,02%",1,May
BEST TRADE IMPORTACAO E EXPORTACAO LTDA,95573.85,"0,02%",2,May
TERRA GRANITOS SC,95194.6,"0,02%",1,June
PANORAMA MARMORES E GRANITOS LTDA,95142.59,"0,02%",1,October
PANORAMA MARMORES E GRANITOS LTDA,94723.15000000001,"0,02%",1,January
CASA DO MARMORE LTDA,93776.86,"0,02%",1,February
CASTELAO COMERCIO DE PECAS LTDA,92880.52,"0,02%",1,October
BEGE RIO MARMORES E GRANITOS LTDA EPP,92442.57,"0,02%",1,April
ARMAZEM OFFSHORE COMERCIAL E IMPORTADORA LTDA,90932.39,"0,02%",1,January
MINING CONSULTING AND TRAINING LTDA,90926.63,"0,02%",1,December
CASTELAO COMERCIO DE PECAS LTDA,90785.89,"0,02%",1,January
TROPICAL STONE GRANITOS LTDA,90782.34,"0,02%",1,June
PANORAMA COMERCIO DE MARMORES E GRANITOS LTDA,90610.25,"0,02%",1,November
FLEXO COMERCIAL LTDA,90046.1,"0,02%",1,June
CENTROGRAN GRANITOS CENTRO OESTE LTDA,89803.24,"0,02%",1,April
STONE CENTER COMERCIO ATACADISTA DE MARMORES LTDA,89726.03,"0,02%",1,April
S.R. COMERCIO DE OCULOS LTDA,89550.85,"0,02%",2,February
J&F MARMORES GRANITOS E IMPORTADOS LTDA,89417.78,"0,02%",1,January
MERC DIESEL DISTRIBUIDORA DE PECAS LTDA,87936.53,"0,02%",1,October
KUSAMA BRANDING DISTRIBUIDORA LTDA,86957.54000000001,"0,02%",1,March
MINING CONSULTING AND TRAINING LTDA,86867.86,"0,02%",1,April
FCM COMERCIO IMPORTACAO E EXPORTACAO LTDA ME,86304.51000000001,"0,02%",2,August
APPETITO ALIMENTOS E BEBIDAS LTDA,84577.3,"0,02%",1,October
FLEXO COMERCIAL LTDA,84024.34,"0,02%",1,September
LATINO AMERICANA METAIS LTDA,83602.71,"0,02%",1,October
KAMELL COMERCIO GLOBAL LTDA,83580.59,"0,02%",1,February
SW ADESIVOS E REVESTIMENTOS ANTICORROSIVOS LTDA,83517.52,"0,02%",1,December
IKM TESTING BRASIL LTDA.,82952.06999999999,"0,02%",2,February
VINIAL IMPORTAÇÃO E EXPORTAÇÃO LTDA.,81415.93000000001,"0,01%",1,April
MP ACOS MATERIAIS SIDERURGICOS LTDA ME,80875.34,"0,01%",1,November
AMEX GRANITOSLTDA,80754.01,"0,01%",1,October
GRANDE RIO ALIMENTOS LTDA,80730.14,"0,01%",1,August
FCM COMERCIO IMPORTACAO E EXPORTACAO LTDA ME,80691.05,"0,01%",1,January
FCM COMERCIO IMPORTACAO E EXPORTACAO LTDA ME,80640.99,"0,01%",1,April
KUSAMA BRANDING DISTRIBUIDORA LTDA,80510.47,"0,01%",1,October
MERC DIESEL DISTRIBUIDORA DE PECAS LTDA,80461.49,"0,01%",1,July
ANBORDU COMERCIAL IMPORTADORA E EXPORTADORA LTDA ME,78390.29,"0,01%",5,June
MEGA DIAMOND FERRAMENTAS E ABRASIVOS LTDA,78314.15000000001,"0,01%",1,July
OZA ROCHAS DO BRASIL LTDA,78107.45,"0,01%",1,December
SW ADESIVOS E REVESTIMENTOS ANTICORROSIVOS LTDA,77526.21,"0,01%",1,February
ROTEC EQUIPAMENTOS INDUSTRIAIS LTDA,76754.57,"0,01%",1,January
JEVIN COMERCIO E SERVICOS LTDA,76736.6,"0,01%",1,January
MERC DIESEL DISTRIBUIDORA DE PECAS LTDA,75197.44,"0,01%",1,August
JOAO FERREIRA DE LACERDA MARMORE,75044.7,"0,01%",1,July
ARMAZEM OFFSHORE COMERCIAL E IMPORTADORA LTDA,74839.29000000001,"0,01%",2,February
GRANFACCIN GRANITOS LTDA,74428.72,"0,01%",1,June
MT GRANITOS LTDA,73775.95000000001,"0,01%",1,March
GRANFACCIN IMPORT AND EXPORT STONES LTDA,73443.34,"0,01%",1,February
STONE CENTER COMERCIO ATACADISTA DE MARMORES LTDA,73276.61,"0,01%",1,May
CASA DO MARMORE LTDA,72904.91,"0,01%",1,December
NOVO HORIZONTE MARMORES E GRANITOS LTDA,72547.14,"0,01%",1,June
JEVIN COMERCIO E SERVICOS LTDA,72286.93,"0,01%",2,September
MEGA DIAMOND FERRAMENTAS E ABRASIVOS LTDA,71429.56,"0,01%",1,November
BEST TRADE IMPORTACAO E EXPORTACAO LTDA,70863.64,"0,01%",1,February
VISTAS REPRESENTACAO COMERCIAL LTDA,70744.22,"0,01%",2,April
"BRETON DO BRASIL COMERCIO, IMPORTACAO E EXPORTACAO LTDA",69664.51,"0,01%",1,June
ANBORDU COMERCIAL IMPORTADORA E EXPORTADORA LTDA ME,69492.86,"0,01%",5,November
MARINNER DO BRASIL PESCA LTDA,68543.41,"0,01%",1,September
DECOLORES MARMORES E GRANITOS DO BRASIL LTDA,68328.25,"0,01%",1,September
OLIVEIRA IND. E COM. DE RETENTORES LTDA,67665.57,"0,01%",1,October
ELETRICA ENERGY LTDA,67513.85,"0,01%",1,June
PEDRASUL LTDA,67219.19,"0,01%",1,March
ESSENCIAL IMPORTACAO E EXPORTACAO LTDA EPP,66701.89,"0,01%",1,January
PEMAGRAN PEDRAS MARMORES E GRANITOS LTDA,66616.89,"0,01%",1,May
IKM SUBSEA BRASIL LTDA,66247.34,"0,01%",1,April
REINALDO BELLI PIMENTA OTICA LTDA,65428.880000000005,"0,01%",1,August
GRANLUB GRANITOS LTDA EPP,64822.58,"0,01%",1,January
PANVAC INDUSTRIA DE MAQUINAS E PECAS LTDA,64711.97,"0,01%",1,May
DECORAL STONES INDUSTRIAL DE GRANITOS LTDA - EPP,63874.310000000005,"0,01%",1,August
SW ADESIVOS E REVESTIMENTOS ANTICORROSIVOS LTDA,63670.82,"0,01%",1,April
JEVIN COMERCIO E SERVICOS LTDA,63333.950000000004,"0,01%",1,November
KIKO TECNOLOGIA AGRICOLA LTDA,62860.24,"0,01%",1,September
SW ADESIVOS E REVESTIMENTOS ANTICORROSIVOS LTDA,61780.85,"0,01%",1,January
GAP STONE MARMORES E GRANITOS LTDA,61568.98,"0,01%",1,May
DECORAL STONES INDUSTRIAL DE GRANITOS LTDA - EPP,61091.06,"0,01%",1,December
ESSENCIAL IMPORTACAO E EXPORTACAO LTDA EPP,60779.19,"0,01%",1,May
ALESSANDRO GRANITOS LTDA,60603.200000000004,"0,01%",1,May
MARMIL MARMORE MIMOSO COMERCIO EXPORTACAO E IMPORTACAO LTDA,59728.93,"0,01%",1,March
ESSENCIAL IMPORTACAO E EXPORTACAO LTDA EPP,59689.97,"0,01%",1,February
"BRETON DO BRASIL COMERCIO, IMPORTACAO E EXPORTACAO LTDA",58976.840000000004,"0,01%",1,March
TROPICAL STONE GRANITOS LTDA,58659.74,"0,01%",1,February
AVEX GRANITOS E MARMORES LTDA - EPP,58656.12,"0,01%",1,August
GP GRANITOS PIGATI LTDA EPP,58432.96,"0,01%",1,February
MARBRASA NORTE MINERADORA LTDA,58345.82,"0,01%",1,March
MP ACOS MATERIAIS SIDERURGICOS LTDA ME,57925.98,"0,01%",1,January
SANTA RITA INDUSTRIA E COMERCIO DE ABRASIVOS LTDA,57803.78,"0,01%",1,December
SANTA RITA INDUSTRIA E COMERCIO DE ABRASIVOS LTDA,56603.1,"0,01%",1,August
SANTA RITA INDUSTRIA E COMERCIO DE ABRASIVOS LTDA,56317.37,"0,01%",1,October
DUAS BARRAS INDUSTRIA DE GRANITOS E MARMORES LTDA EPP,56275.32,"0,01%",1,November
SANTA RITA INDUSTRIA E COMERCIO DE ABRASIVOS LTDA,56004.68,"0,01%",1,June
M.G.B MARMORES E GRANITOS DO BRASIL EIRELI,55396.15,"0,01%",1,May
JRD MARMORES E GRANITOS LTDA. ME,55385.9,"0,01%",1,November
BEGE RIO MARMORES E GRANITOS LTDA EPP,55341.08,"0,01%",1,March
GRANLUB GRANITOS LTDA EPP,55237.51,"0,01%",1,May
SUNMIGTH INDUSTRIA COMERCIO EXPORTACAO LTDA,54947.37,"0,01%",1,April
MEKI STONES COMERCIO LTDA,54916.840000000004,"0,01%",1,March
MARINNER DO BRASIL PESCA LTDA,54098.090000000004,"0,01%",1,November
PIEMME IMPORTACAO DE MATERIAIS PARA CONSTRUCAO LTDA,52800.33,"0,01%",1,February
SW ADESIVOS E REVESTIMENTOS ANTICORROSIVOS LTDA,52187.530000000006,"0,01%",2,March
ANBORDU COMERCIAL IMPORTADORA E EXPORTADORA LTDA ME,52049.3,"0,01%",6,July
DECOLORES MARMORES E GRANITOS DO BRASIL LTDA,51423.43,"0,01%",1,December
ANBORDU COMERCIAL IMPORTADORA E EXPORTADORA LTDA ME,51340.03,"0,01%",6,May
MP COMERCIO DE MAQUINAS E ABRASIVOS LTDA,50059.79,"0,01%",1,December
PS2 - COMERCIO E SERVICOS PARA TRATAMENTO DE EFLUENTES LTDA,49732.91,"0,01%",1,April
MARGRAMAR GRANITOS LTDA,49677.54,"0,01%",1,July
ANBORDU COMERCIAL IMPORTADORA E EXPORTADORA LTDA ME,49525.16,"0,01%",6,January
SANTA RITA INDUSTRIA E COMERCIO DE ABRASIVOS LTDA,49220.23,"0,01%",1,April
DECOLORES MARMORES E GRANITOS DO BRASIL LTDA,48342.86,"0,01%",1,April
FLAVIA CAPOBIANCO GAROFALO,47885.200000000004,"0,01%",1,May
ANBORDU COMERCIAL IMPORTADORA E EXPORTADORA LTDA ME,47047.060000000005,"0,01%",5,September
MEGA DIAMOND FERRAMENTAS E ABRASIVOS LTDA,46842.35,"0,01%",1,October
SUNMIGTH INDUSTRIA COMERCIO EXPORTACAO LTDA,45605.41,"0,01%",1,August
BARTO EQUIPAMENTOS PARA EMPRESAS LTDA,45586.44,"0,01%",1,January
SUPER CLASSICO COMERCIO IMPORTACAO E EXPORTACAO LTDA,45340.55,"0,01%",1,May
ANBORDU COMERCIAL IMPORTADORA E EXPORTADORA LTDA ME,45322.11,"0,01%",4,August
MP ACOS MATERIAIS SIDERURGICOS LTDA ME,44446.89,"0,01%",1,August
BARTO EQUIPAMENTOS PARA EMPRESAS LTDA,43106.63,"0,01%",1,February
HP AUTOMACAO LTDA,42978.12,"0,01%",1,January
ZARUC TECNOLOGIA LTDA,42764.33,"0,01%",1,April
MARBRASA MARMORES E GRANITOS DO BRASIL S.A,41800.53,"0,01%",1,December
35.891.587 LUIZ PORTO JUNIOR,40968.090000000004,"0,01%",1,December
JEVIN COMERCIO E SERVICOS LTDA,40844.54,"0,01%",2,July
IKM TESTING BRASIL LTDA.,40050.05,"0,01%",1,May
CASTELAO COMERCIO DE PECAS LTDA,38962.69,"0,01%",1,September
ANBORDU COMERCIAL IMPORTADORA E EXPORTADORA LTDA ME,38058.02,"0,01%",5,October
L G COMERCIO DE LENTES LTDA,37461.200000000004,"0,01%",1,July
FLEXO COMERCIAL LTDA,37317.74,"0,01%",1,March
OPUS IMPORTACAO E COMERCIO DE EQUIPAMENTOS PARA MINERACAO LTDA,37280.48,"0,01%",1,October
VISTAS REPRESENTACAO COMERCIAL LTDA,37202.75,"0,01%",1,July
COMERCIAL L&A LTDA,36657.08,"0,01%",1,March
ANBORDU COMERCIAL IMPORTADORA E EXPORTADORA LTDA ME,36528.86,"0,01%",6,April
BARTO EQUIPAMENTOS PARA EMPRESAS LTDA,35966.82,"0,01%",1,October
PIEMME IMPORTACAO DE MATERIAIS PARA CONSTRUCAO LTDA,35689.18,"0,01%",1,July
ACM STONE DO BRASIL LTDA,35493.6,"0,01%",1,December
ROCKTOOLS BRASIL - FERRAMENTAS DIAMANTADAS LTDA,34733.29,"0,01%",1,December
QUALITY CONSULTORIA AMBIENTAL LTDA,34024.18,"0,01%",1,May
IKM TESTING BRASIL LTDA.,33149.29,"0,01%",1,April
MARGRAMAR GRANITOS LTDA,31931.11,"0,01%",1,October
BEGE RIO MARMORES E GRANITOS LTDA EPP,31814.29,"0,01%",1,May
ANBORDU COMERCIAL IMPORTADORA E EXPORTADORA LTDA ME,31670.57,"0,01%",5,March
MEKI STONES COMERCIO LTDA,31562.81,"0,01%",1,May
IKM TESTING BRASIL LTDA.,31414,"0,01%",1,September
HOSPITAL DO RIM DE JANAUBA LTDA,30480.920000000002,"0,01%",1,September
QUALITY CONSULTORIA AMBIENTAL LTDA,29008.7,"0,01%",1,September
VISTAS REPRESENTACAO COMERCIAL LTDA,28297.11,"0,01%",1,August
TROPICAL & MAGIC DISTRIBUIDORA DE ALIMENTOS E BEBIDAS LTDA,28047.04,"0,01%",1,September
IKM TESTING BRASIL LTDA.,27933.95,"0,01%",1,June
ZARUC TECNOLOGIA LTDA,27752.46,"0,01%",1,November
FLAVIA CAPOBIANCO GAROFALO,27421.83,"0,00%",1,February
PHV AUTOMACAO E ENGENHARIA LTDA,26806.86,"0,00%",1,May
QUALITY CONSULTORIA AMBIENTAL LTDA,26717.13,"0,00%",1,July
PHV AUTOMACAO E ENGENHARIA LTDA,25636.54,"0,00%",1,June
ANBORDU COMERCIAL IMPORTADORA E EXPORTADORA LTDA ME,25540.77,"0,00%",6,February
IKM TESTING BRASIL LTDA.,22913.7,"0,00%",2,December
SW ADESIVOS E REVESTIMENTOS ANTICORROSIVOS LTDA,22909.44,"0,00%",1,June
ARCOS BRASIL LTDA,22357.38,"0,00%",1,October
BRAMAGRAN BRASILEIRO MARMORE E GRANITO LTDA,20510.07,"0,00%",1,December
JEVIN COMERCIO E SERVICOS LTDA,20506.45,"0,00%",1,October
PROTEUS EMBALAGENS - LTDA,20086.34,"0,00%",1,December
ARCOS BRASIL LTDA,19973.78,"0,00%",1,December
KGS ABRASIVOS E FERRAMENTAS DIAMANTADAS LTDA,19781.48,"0,00%",1,March
CSV LTDA,18921.2,"0,00%",1,October
ALLPRIME PUMPS EQUIPAMENTOS MECANICOS LTDA.,18160.8,"0,00%",1,October
RPM COMERCIO IMPORTAÇÃO E EXPORTAÇÃO LTDA,17469.49,"0,00%",1,March
ALLONDA AMBIENTAL LTDA,17168.32,"0,00%",1,April
ARCOS BRASIL LTDA,16581.08,"0,00%",1,September
S L WEBER SERVICOS EPP,16552.35,"0,00%",1,July
ALLONDA AMBIENTAL LTDA,16301.08,"0,00%",1,January
JEVIN COMERCIO E SERVICOS LTDA,15492.86,"0,00%",1,August
ANBORDU COMERCIAL IMPORTADORA E EXPORTADORA LTDA ME,15168.280000000002,"0,00%",3,December
ROTEC EQUIPAMENTOS INDUSTRIAIS LTDA,14669.94,"0,00%",1,June
JEVIN COMERCIO E SERVICOS LTDA,14632.08,"0,00%",1,December
ARCOS BRASIL LTDA,13594.630000000001,"0,00%",1,July
BARTO EQUIPAMENTOS PARA EMPRESAS LTDA,12465.880000000001,"0,00%",1,April
SABRINA BAIENSE SILVA - ME,12364.91,"0,00%",1,February
KGS ABRASIVOS E FERRAMENTAS DIAMANTADAS LTDA,10264.48,"0,00%",1,June
DECOLORES MARMORES E GRANITOS DO BRASIL LTDA,10126.23,"0,00%",1,November
IKM TESTING BRASIL LTDA.,8517.78,"0,00%",1,November
IKM TESTING BRASIL LTDA.,8426.35,"0,00%",1,July
SIDERAL INDUSTRIA E COMERCIO LTDA EPP,6621.63,"0,00%",1,November
IKM SUBSEA BRASIL LTDA,6145.88,"0,00%",1,July
JEVIN COMERCIO E SERVICOS LTDA,6033.67,"0,00%",1,June
JRP COMERCIO DE MATERIAIS ELETRICOS LTDA,5354.21,"0,00%",1,March
CCM ENGENHARIA,3082.89,"0,00%",1,December
